sys_id	type	subtype	activity	sys_beg	sys_end	protein_in_syst	genes_count	name_of_profiles_in_sys
AB910392_acb2_1	Anti_CBASS	acb2	Antidefense	AB910392_78	AB910392_78	AB910392_78	1	acb2
AF234172.1_dar_ddr_hdf_ulx_1	Anti_RM	dar_ddr_hdf_ulx	Antidefense	AF234172.1_14	AF234172.1_15	AF234172.1_14,AF234172.1_15	2	darb,ulx
AF234172.1_dar_ddr_hdf_ulx_2	Anti_RM	dar_ddr_hdf_ulx	Antidefense	AF234172.1_24	AF234172.1_27	AF234172.1_24,AF234172.1_25,AF234172.1_26,AF234172.1_27	4	dara,ddra,ddrb,hdf
AF234173.1_dar_ddr_hdf_ulx_1	Anti_RM	dar_ddr_hdf_ulx	Antidefense	AF234173.1_13	AF234173.1_14	AF234173.1_13,AF234173.1_14	2	darb,ulx
AF234173.1_dar_ddr_hdf_ulx_2	Anti_RM	dar_ddr_hdf_ulx	Antidefense	AF234173.1_23	AF234173.1_26	AF234173.1_23,AF234173.1_24,AF234173.1_25,AF234173.1_26	4	dara,ddra,ddrb,hdf
AF399011_tad1_1	Anti_Thoeris	tad1	Antidefense	AF399011_174	AF399011_174	AF399011_174	1	tad1
AF503408.1_dar_ddr_hdf_ulx_1	Anti_RM	dar_ddr_hdf_ulx	Antidefense	AF503408.1_15	AF503408.1_16	AF503408.1_15,AF503408.1_16	2	darb,ulx
AF503408.1_dar_ddr_hdf_ulx_2	Anti_RM	dar_ddr_hdf_ulx	Antidefense	AF503408.1_23	AF503408.1_26	AF503408.1_23,AF503408.1_24,AF503408.1_25,AF503408.1_26	4	dara,ddra,ddrb,hdf
AJ697969_acb1_1	Anti_CBASS	acb1	Antidefense	AJ697969_118	AJ697969_118	AJ697969_118	1	acb1
AM749441_ardb_klca_acric11_1	Anti_RM	ardb_klca_acric11	Antidefense	AM749441_73	AM749441_73	AM749441_73	1	klca
AP019418_tad1_1	Anti_Thoeris	tad1	Antidefense	AP019418_179	AP019418_179	AP019418_179	1	tad1
AY266303.2_acb1_1	Anti_CBASS	acb1	Antidefense	AY266303.2_305	AY266303.2_305	AY266303.2_305	1	acb1
AY375531.1_alt_3	Anti_TA	alt	Antidefense	AY375531.1_35	AY375531.1_35	AY375531.1_35	1	alt
AY375531.1_NARP2_1	NADP	NARP2	Antidefense	AY375531.1_174	AY375531.1_185	AY375531.1_174,AY375531.1_185	2	narp2_nampt,narp2_nmnat
AY375531.1_acb1_2	Anti_CBASS	acb1	Antidefense	AY375531.1_234	AY375531.1_234	AY375531.1_234	1	acb1
AY394005_acrif2_c2_2	Anti_CRISPR	acrif2_c2	Antidefense	AY394005_5	AY394005_7	AY394005_5,AY394005_7	2	aca1,acrif2_c2
AY575774_acb2_1	Anti_CBASS	acb2	Antidefense	AY575774_17	AY575774_17	AY575774_17	1	acb2
AY962392.1_alt_3	Anti_TA	alt	Antidefense	AY962392.1_34	AY962392.1_34	AY962392.1_34	1	alt
AY962392.1_NARP2_1	NADP	NARP2	Antidefense	AY962392.1_171	AY962392.1_182	AY962392.1_171,AY962392.1_182	2	narp2_nampt,narp2_nmnat
AY962392.1_acb1_2	Anti_CBASS	acb1	Antidefense	AY962392.1_231	AY962392.1_231	AY962392.1_231	1	acb1
BK061477_Adnd_p0020_p0021_1	Anti_Dnd	Adnd_p0020_p0021	Antidefense	BK061477_37	BK061477_37	BK061477_37	1	adnd_p0020
BK061479_acb2_1	Anti_CBASS	acb2	Antidefense	BK061479_9	BK061479_9	BK061479_9	1	acb2
CP019649.1_ardc_1	Anti_RM	ardc	Antidefense	CP019649.1_2901	CP019649.1_2901	CP019649.1_2901	1	ardc
CP029707.1_acrif12_3	Anti_CRISPR	acrif12	Antidefense	CP029707.1_4430	CP029707.1_4430	CP029707.1_4430	1	acrif12
CP029707.1_acrie1_2	Anti_CRISPR	acrie1	Antidefense	CP029707.1_4431	CP029707.1_4431	CP029707.1_4431	1	acrie1
CP029707.1_Adnd_p0020_p0021_1	Anti_Dnd	Adnd_p0020_p0021	Antidefense	CP029707.1_6495	CP029707.1_6495	CP029707.1_6495	1	adnd_p0020
DQ163912_Adnd_p0020_p0021_1	Anti_Dnd	Adnd_p0020_p0021	Antidefense	DQ163912_50	DQ163912_50	DQ163912_50	1	adnd_p0020
DQ163914_acb2_1	Anti_CBASS	acb2	Antidefense	DQ163914_17	DQ163914_17	DQ163914_17	1	acb2
DQ163916_ardb_klca_acric11_1	Anti_RM	ardb_klca_acric11	Antidefense	DQ163916_74	DQ163916_74	DQ163916_74	1	klca
DQ631426_acrie3_2	Anti_CRISPR	acrie3	Antidefense	DQ631426_5	DQ631426_6	DQ631426_5,DQ631426_6	2	aca1,acrie3
DQ873690_acrie2_2	Anti_CRISPR	acrie2	Antidefense	DQ873690_5	DQ873690_7	DQ873690_5,DQ873690_7	2	aca1,acrie2
DQ873690_acrif3_3	Anti_CRISPR	acrif3	Antidefense	DQ873690_6	DQ873690_7	DQ873690_6,DQ873690_7	2	aca1,acrif3
EF469154.1_dmd_3	Anti_TA	dmd	Antidefense	EF469154.1_146	EF469154.1_146	EF469154.1_146	1	dmd
EF469154.1_acb2_2	Anti_CBASS	acb2	Antidefense	EF469154.1_224	EF469154.1_224	EF469154.1_224	1	acb2
EF469154.1_acb1_1	Anti_CBASS	acb1	Antidefense	EF469154.1_261	EF469154.1_261	EF469154.1_261	1	acb1
EU197055_tad1_1	Anti_Thoeris	tad1	Antidefense	EU197055_195	EU197055_195	EU197055_195	1	tad1
EU272036_acrif2_c2_2	Anti_CRISPR	acrif2_c2	Antidefense	EU272036_5	EU272036_6	EU272036_5,EU272036_6	2	aca1,acrif2_c2
GU988610_NARP1_1	NADP	NARP1	Antidefense	GU988610_142	GU988610_144	GU988610_142,GU988610_144	2	narp1_adps,narp1_namat
HE584812_acrif7_2	Anti_CRISPR	acrif7	Antidefense	HE584812_5	HE584812_6	HE584812_5,HE584812_6	2	aca1,acrif7
HE983845_NARP1_1	NADP	NARP1	Antidefense	HE983845_142	HE983845_144	HE983845_142,HE983845_144	2	narp1_adps,narp1_namat
HG798806_vcrx091_093_3	Anti_CRISPR	vcrx091_093	Antidefense	HG798806_35	HG798806_37	HG798806_35,HG798806_37	2	vcrx091,vcrx092
HG798806_acrif7_2	Anti_CRISPR	acrif7	Antidefense	HG798806_64	HG798806_65	HG798806_64,HG798806_65	2	aca1,acrif7
HM624080_acrif3_2	Anti_CRISPR	acrif3	Antidefense	HM624080_6	HM624080_8	HM624080_6,HM624080_8	2	aca1,acrif3
HM624080_acrif5_3	Anti_CRISPR	acrif5	Antidefense	HM624080_7	HM624080_8	HM624080_7,HM624080_8	2	aca1,acrif5
HQ630627_tad1_1	Anti_Thoeris	tad1	Antidefense	HQ630627_186	HQ630627_186	HQ630627_186	1	tad1
HQ832595_NARP1_1	NADP	NARP1	Antidefense	HQ832595_142	HQ832595_144	HQ832595_142,HQ832595_144	2	narp1_adps,narp1_namat
JN175269_rad_1	Anti_Retron	rad	Antidefense	JN175269_62	JN175269_62	JN175269_62	1	rad
JN627160_acb1_1	Anti_CBASS	acb1	Antidefense	JN627160_249	JN627160_249	JN627160_249	1	acb1
JN627160_tad1_2	Anti_Thoeris	tad1	Antidefense	JN627160_250	JN627160_250	JN627160_250	1	tad1
JN808773_acrie2_2	Anti_CRISPR	acrie2	Antidefense	JN808773_5	JN808773_7	JN808773_5,JN808773_7	2	aca1,acrie2
JN808773_acrif3_3	Anti_CRISPR	acrif3	Antidefense	JN808773_6	JN808773_7	JN808773_6,JN808773_7	2	aca1,acrif3
JN811560_acrie3_2	Anti_CRISPR	acrie3	Antidefense	JN811560_5	JN811560_7	JN811560_5,JN811560_7	2	aca1,acrie3
JN811560_acrif4_3	Anti_CRISPR	acrif4	Antidefense	JN811560_6	JN811560_7	JN811560_6,JN811560_7	2	aca1,acrif4
JQ067085_acrie3_2	Anti_CRISPR	acrie3	Antidefense	JQ067085_5	JQ067085_7	JQ067085_5,JQ067085_7	2	aca1,acrie3
JQ067085_acrif4_3	Anti_CRISPR	acrif4	Antidefense	JQ067085_6	JQ067085_7	JQ067085_6,JQ067085_7	2	aca1,acrif4
JQ067091_acb2_1	Anti_CBASS	acb2	Antidefense	JQ067091_21	JQ067091_21	JQ067091_21	1	acb2
JQ762257_acrif1_2	Anti_CRISPR	acrif1	Antidefense	JQ762257_5	JQ762257_6	JQ762257_5,JQ762257_6	2	aca1,acrif1
JX131330_ardb_klca_acric11_1	Anti_RM	ardb_klca_acric11	Antidefense	JX131330_74	JX131330_74	JX131330_74	1	klca
JX233784_tad1_1	Anti_Thoeris	tad1	Antidefense	JX233784_179	JX233784_179	JX233784_179	1	tad1
JX434030_acrie1_2	Anti_CRISPR	acrie1	Antidefense	JX434030_5	JX434030_8	JX434030_5,JX434030_8	2	aca1,acrie1
JX434030_acrif3_3	Anti_CRISPR	acrif3	Antidefense	JX434030_6	JX434030_8	JX434030_6,JX434030_8	2	aca1,acrif3
JX434030_acrif5_4	Anti_CRISPR	acrif5	Antidefense	JX434030_7	JX434030_8	JX434030_7,JX434030_8	2	aca1,acrif5
JX434031_acrie3_2	Anti_CRISPR	acrie3	Antidefense	JX434031_5	JX434031_7	JX434031_5,JX434031_7	2	aca1,acrie3
JX434031_acrif4_3	Anti_CRISPR	acrif4	Antidefense	JX434031_6	JX434031_7	JX434031_6,JX434031_7	2	aca1,acrif4
JX434032_acrif1_2	Anti_CRISPR	acrif1	Antidefense	JX434032_5	JX434032_6	JX434032_5,JX434032_6	2	aca1,acrif1
JX434033_acrie2_2	Anti_CRISPR	acrie2	Antidefense	JX434033_5	JX434033_7	JX434033_5,JX434033_7	2	aca1,acrie2
JX434033_acrif3_3	Anti_CRISPR	acrif3	Antidefense	JX434033_6	JX434033_7	JX434033_6,JX434033_7	2	aca1,acrif3
JX495043_acb2_1	Anti_CBASS	acb2	Antidefense	JX495043_9	JX495043_9	JX495043_9	1	acb2
KC862297_NARP1_1	NADP	NARP1	Antidefense	KC862297_144	KC862297_146	KC862297_144,KC862297_146	2	narp1_adps,narp1_namat
KC862298_NARP1_1	NADP	NARP1	Antidefense	KC862298_141	KC862298_143	KC862298_141,KC862298_143	2	narp1_adps,narp1_namat
KC862300_NARP1_1	NADP	NARP1	Antidefense	KC862300_140	KC862300_142	KC862300_140,KC862300_142	2	narp1_adps,narp1_namat
KF147891_acb1_1	Anti_CBASS	acb1	Antidefense	KF147891_211	KF147891_211	KF147891_211	1	acb1
KF147891_tad2_acriia7_2	Anti_Thoeris	tad2_acriia7	Antidefense	KF147891_256	KF147891_256	KF147891_256	1	tad2
KF475786_acrif3_2	Anti_CRISPR	acrif3	Antidefense	KF475786_6	KF475786_8	KF475786_6,KF475786_8	2	aca1,acrif3
KF475786_acrif5_3	Anti_CRISPR	acrif5	Antidefense	KF475786_7	KF475786_8	KF475786_7,KF475786_8	2	aca1,acrif5
KJ409772_NARP1_1	NADP	NARP1	Antidefense	KJ409772_143	KJ409772_146	KJ409772_143,KJ409772_146	2	narp1_adps,narp1_namat
KJ477077_acrif2_c2_2	Anti_CRISPR	acrif2_c2	Antidefense	KJ477077_5	KJ477077_7	KJ477077_5,KJ477077_7	2	aca1,acrif2_c2
KJ477077_mom_3	Anti_RM	mom	Antidefense	KJ477077_29	KJ477077_29	KJ477077_29	1	mom
KJ507100_acb1_1	Anti_CBASS	acb1	Antidefense	KJ507100_2	KJ507100_2	KJ507100_2	1	acb1
KJ959591_mom_1	Anti_RM	mom	Antidefense	KJ959591_29	KJ959591_29	KJ959591_29	1	mom
KM233689_acrif7_2	Anti_CRISPR	acrif7	Antidefense	KM233689_5	KM233689_6	KM233689_5,KM233689_6	2	aca1,acrif7
KM389278_acrif2_c2_2	Anti_CRISPR	acrif2_c2	Antidefense	KM389278_5	KM389278_6	KM389278_5,KM389278_6	2	aca1,acrif2_c2
KM389326_acrif2_c2_2	Anti_CRISPR	acrif2_c2	Antidefense	KM389326_5	KM389326_7	KM389326_5,KM389326_7	2	aca1,acrif2_c2
KM389326_mom_3	Anti_RM	mom	Antidefense	KM389326_28	KM389326_28	KM389326_28	1	mom
KM389336_Aca_alone_1	Anti_CRISPR	Aca_alone	Antidefense	KM389336_15	KM389336_15	KM389336_15	1	aca1
KM389337_acrie3_1	Anti_CRISPR	acrie3	Antidefense	KM389337_5	KM389337_5	KM389337_5	1	acrie3
KM389459_acrif3_2	Anti_CRISPR	acrif3	Antidefense	KM389459_6	KM389459_8	KM389459_6,KM389459_8	2	aca1,acrif3
KM389459_acrif5_3	Anti_CRISPR	acrif5	Antidefense	KM389459_7	KM389459_8	KM389459_7,KM389459_8	2	aca1,acrif5
KM389460_acrif2_c2_2	Anti_CRISPR	acrif2_c2	Antidefense	KM389460_5	KM389460_7	KM389460_5,KM389460_7	2	aca1,acrif2_c2
KM389460_mom_3	Anti_RM	mom	Antidefense	KM389460_29	KM389460_29	KM389460_29	1	mom
KM389461_acrif3_2	Anti_CRISPR	acrif3	Antidefense	KM389461_6	KM389461_8	KM389461_6,KM389461_8	2	aca1,acrif3
KM389461_acrif5_3	Anti_CRISPR	acrif5	Antidefense	KM389461_7	KM389461_8	KM389461_7,KM389461_8	2	aca1,acrif5
KM389462_acrif3_2	Anti_CRISPR	acrif3	Antidefense	KM389462_6	KM389462_8	KM389462_6,KM389462_8	2	aca1,acrif3
KM389462_acrif5_3	Anti_CRISPR	acrif5	Antidefense	KM389462_7	KM389462_8	KM389462_7,KM389462_8	2	aca1,acrif5
KM389463_Adnd_p0020_p0021_1	Anti_Dnd	Adnd_p0020_p0021	Antidefense	KM389463_59	KM389463_59	KM389463_59	1	adnd_p0020
KM389464_acrif2_c2_2	Anti_CRISPR	acrif2_c2	Antidefense	KM389464_5	KM389464_6	KM389464_5,KM389464_6	2	aca1,acrif2_c2
KR052143_NARP1_1	NADP	NARP1	Antidefense	KR052143_145	KR052143_147	KR052143_145,KR052143_147	2	narp1_adps,narp1_namat
KT736033_NARP1_1	NADP	NARP1	Antidefense	KT736033_144	KT736033_146	KT736033_144,KT736033_146	2	narp1_adps,narp1_namat
KT804923_NARP1_1	NADP	NARP1	Antidefense	KT804923_144	KT804923_146	KT804923_144,KT804923_146	2	narp1_adps,narp1_namat
KT887557_vcrx091_093_1	Anti_CRISPR	vcrx091_093	Antidefense	KT887557_48	KT887557_50	KT887557_48,KT887557_50	2	vcrx091,vcrx092
KT968831_vcrx091_093_1	Anti_CRISPR	vcrx091_093	Antidefense	KT968831_60	KT968831_62	KT968831_60,KT968831_62	2	vcrx091,vcrx092
KT968832_acrif3_2	Anti_CRISPR	acrif3	Antidefense	KT968832_6	KT968832_8	KT968832_6,KT968832_8	2	aca1,acrif3
KT968832_acrif5_3	Anti_CRISPR	acrif5	Antidefense	KT968832_7	KT968832_8	KT968832_7,KT968832_8	2	aca1,acrif5
KU199707_acrie2_2	Anti_CRISPR	acrie2	Antidefense	KU199707_5	KU199707_7	KU199707_5,KU199707_7	2	aca1,acrie2
KU199707_acrif3_3	Anti_CRISPR	acrif3	Antidefense	KU199707_6	KU199707_7	KU199707_6,KU199707_7	2	aca1,acrif3
KU199708_acrif1_2	Anti_CRISPR	acrif1	Antidefense	KU199708_5	KU199708_6	KU199708_5,KU199708_6	2	aca1,acrif1
KU199709_acrif3_2	Anti_CRISPR	acrif3	Antidefense	KU199709_5	KU199709_6	KU199709_5,KU199709_6	2	aca1,acrif3
KU199710_Adnd_p0020_p0021_1	Anti_Dnd	Adnd_p0020_p0021	Antidefense	KU199710_61	KU199710_61	KU199710_61	1	adnd_p0020
KU297675_NARP1_1	NADP	NARP1	Antidefense	KU297675_143	KU297675_145	KU297675_143,KU297675_145	2	narp1_adps,narp1_namat
KU497559_NARP1_1	NADP	NARP1	Antidefense	KU497559_144	KU497559_146	KU497559_144,KU497559_146	2	narp1_adps,narp1_namat
KU521356_tad1_1	Anti_Thoeris	tad1	Antidefense	KU521356_175	KU521356_175	KU521356_175	1	tad1
KU708004_tad2_acriia7_1	Anti_Thoeris	tad2_acriia7	Antidefense	KU708004_4	KU708004_4	KU708004_4	1	tad2
KU761955_NARP1_1	NADP	NARP1	Antidefense	KU761955_143	KU761955_145	KU761955_143,KU761955_145	2	narp1_adps,narp1_namat
KU862660_NARP1_1	NADP	NARP1	Antidefense	KU862660_198	KU862660_200	KU862660_198,KU862660_200	2	narp1_adps,narp1_namat
KU873925_ardb_klca_acric11_2	Anti_RM	ardb_klca_acric11	Antidefense	KU873925_83	KU873925_83	KU873925_83	1	klca
KU873925_NARP1_1	NADP	NARP1	Antidefense	KU873925_186	KU873925_187	KU873925_186,KU873925_187	2	narp1_adps,narp1_namat
KU873925_rad_3	Anti_Retron	rad	Antidefense	KU873925_201	KU873925_201	KU873925_201	1	rad
KU884561_acb2_1	Anti_CBASS	acb2	Antidefense	KU884561_17	KU884561_17	KU884561_17	1	acb2
KU884562_acb2_1	Anti_CBASS	acb2	Antidefense	KU884562_17	KU884562_17	KU884562_17	1	acb2
KU884564_acb2_1	Anti_CBASS	acb2	Antidefense	KU884564_17	KU884564_17	KU884564_17	1	acb2
KU884565_acb2_1	Anti_CBASS	acb2	Antidefense	KU884565_17	KU884565_17	KU884565_17	1	acb2
KX198613_ardb_klca_acric11_1	Anti_RM	ardb_klca_acric11	Antidefense	KX198613_78	KX198613_78	KX198613_78	1	klca
KY000083_NARP1_1	NADP	NARP1	Antidefense	KY000083_136	KY000083_138	KY000083_136,KY000083_138	2	narp1_adps,narp1_namat
KY073228_NARP1_1	NADP	NARP1	Antidefense	KY073228_141	KY073228_143	KY073228_141,KY073228_143	2	narp1_adps,narp1_namat
KY514265.1_gnarl1_1	Other	gnarl1	Antidefense	KY514265.1_43	KY514265.1_43	KY514265.1_43	1	gnarl1
KY971610_tad1_3	Anti_Thoeris	tad1	Antidefense	KY971610_16	KY971610_16	KY971610_16	1	tad1
KY971610_dam_2	Anti_RM	dam	Antidefense	KY971610_81	KY971610_81	KY971610_81	1	dam
KY971610_acb1_1	Anti_CBASS	acb1	Antidefense	KY971610_201	KY971610_201	KY971610_201	1	acb1
LC727695_tad1_1	Anti_Thoeris	tad1	Antidefense	LC727695_176	LC727695_176	LC727695_176	1	tad1
LC727696_tad1_1	Anti_Thoeris	tad1	Antidefense	LC727696_182	LC727696_182	LC727696_182	1	tad1
LC727699_tad1_1	Anti_Thoeris	tad1	Antidefense	LC727699_183	LC727699_183	LC727699_183	1	tad1
LC727701_tad1_1	Anti_Thoeris	tad1	Antidefense	LC727701_176	LC727701_176	LC727701_176	1	tad1
LC765218_NARP1_1	NADP	NARP1	Antidefense	LC765218_116	LC765218_117	LC765218_116,LC765218_117	2	narp1_adps,narp1_namat
LC765218_tad1_2	Anti_Thoeris	tad1	Antidefense	LC765218_179	LC765218_179	LC765218_179	1	tad1
LN610572_NARP1_1	NADP	NARP1	Antidefense	LN610572_146	LN610572_148	LN610572_146,LN610572_148	2	narp1_adps,narp1_namat
LN610575_NARP1_1	NADP	NARP1	Antidefense	LN610575_143	LN610575_145	LN610575_143,LN610575_145	2	narp1_adps,narp1_namat
LN610586_NARP1_1	NADP	NARP1	Antidefense	LN610586_143	LN610586_145	LN610586_143,LN610586_145	2	narp1_adps,narp1_namat
LN610587_NARP1_1	NADP	NARP1	Antidefense	LN610587_144	LN610587_146	LN610587_144,LN610587_146	2	narp1_adps,narp1_namat
LN610590_acrie3_2	Anti_CRISPR	acrie3	Antidefense	LN610590_5	LN610590_7	LN610590_5,LN610590_7	2	aca1,acrie3
LN610590_acrif4_3	Anti_CRISPR	acrif4	Antidefense	LN610590_6	LN610590_7	LN610590_6,LN610590_7	2	aca1,acrif4
LN887844_NARP1_1	NADP	NARP1	Antidefense	LN887844_144	LN887844_146	LN887844_144,LN887844_146	2	narp1_adps,narp1_namat
LN898172_acb2_1	Anti_CBASS	acb2	Antidefense	LN898172_9	LN898172_9	LN898172_9	1	acb2
LT608331_acrif3_2	Anti_CRISPR	acrif3	Antidefense	LT608331_5	LT608331_6	LT608331_5,LT608331_6	2	aca1,acrif3
LT999987_acrie1_2	Anti_CRISPR	acrie1	Antidefense	LT999987_5	LT999987_8	LT999987_5,LT999987_8	2	aca1,acrie1
LT999987_acrif3_3	Anti_CRISPR	acrif3	Antidefense	LT999987_6	LT999987_8	LT999987_6,LT999987_8	2	aca1,acrif3
LT999987_acrif5_4	Anti_CRISPR	acrif5	Antidefense	LT999987_7	LT999987_8	LT999987_7,LT999987_8	2	aca1,acrif5
MF042360_NARP1_1	NADP	NARP1	Antidefense	MF042360_120	MF042360_124	MF042360_120,MF042360_124	2	narp1_adps,narp1_namat
MF042360_tad1_2	Anti_Thoeris	tad1	Antidefense	MF042360_193	MF042360_193	MF042360_193	1	tad1
MF042361_tad2_acriia7_1	Anti_Thoeris	tad2_acriia7	Antidefense	MF042361_6	MF042361_6	MF042361_6	1	acriia7
MF063068_tad1_1	Anti_Thoeris	tad1	Antidefense	MF063068_136	MF063068_136	MF063068_136	1	tad1
MF490239_ardb_klca_acric11_1	Anti_RM	ardb_klca_acric11	Antidefense	MF490239_77	MF490239_77	MF490239_77	1	klca
MF805716_tad1_1	Anti_Thoeris	tad1	Antidefense	MF805716_168	MF805716_168	MF805716_168	1	tad1
MF893340_NARP1_1	NADP	NARP1	Antidefense	MF893340_145	MF893340_148	MF893340_145,MF893340_148	2	narp1_adps,narp1_namat
MF974178_NARP1_1	NADP	NARP1	Antidefense	MF974178_141	MF974178_143	MF974178_141,MF974178_143	2	narp1_adps,narp1_namat
MG018930_NARP1_1	NADP	NARP1	Antidefense	MG018930_144	MG018930_147	MG018930_144,MG018930_147	2	narp1_adps,narp1_namat
MG707188_acrif7_2	Anti_CRISPR	acrif7	Antidefense	MG707188_29	MG707188_30	MG707188_29,MG707188_30	2	aca1,acrif7
MH370478_NARP1_1	NADP	NARP1	Antidefense	MH370478_140	MH370478_142	MH370478_140,MH370478_142	2	narp1_adps,narp1_namat
MH643777_acrif2_c2_2	Anti_CRISPR	acrif2_c2	Antidefense	MH643777_5	MH643777_6	MH643777_5,MH643777_6	2	aca1,acrif2_c2
MH643778_acrif3_2	Anti_CRISPR	acrif3	Antidefense	MH643778_6	MH643778_8	MH643778_6,MH643778_8	2	aca1,acrif3
MH643778_acrif5_3	Anti_CRISPR	acrif5	Antidefense	MH643778_7	MH643778_8	MH643778_7,MH643778_8	2	aca1,acrif5
MH719194_acb2_1	Anti_CBASS	acb2	Antidefense	MH719194_9	MH719194_9	MH719194_9	1	acb2
MH725810_NARP1_1	NADP	NARP1	Antidefense	MH725810_140	MH725810_142	MH725810_140,MH725810_142	2	narp1_adps,narp1_namat
MH791399_NARP1_1	NADP	NARP1	Antidefense	MH791399_148	MH791399_150	MH791399_148,MH791399_150	2	narp1_adps,narp1_namat
MH791403_ardb_klca_acric11_1	Anti_RM	ardb_klca_acric11	Antidefense	MH791403_79	MH791403_79	MH791403_79	1	klca
MH791406_ardb_klca_acric11_1	Anti_RM	ardb_klca_acric11	Antidefense	MH791406_80	MH791406_80	MH791406_80	1	klca
MH791408_NARP1_1	NADP	NARP1	Antidefense	MH791408_143	MH791408_145	MH791408_143,MH791408_145	2	narp1_adps,narp1_namat
MH791416_NARP1_1	NADP	NARP1	Antidefense	MH791416_143	MH791416_145	MH791416_143,MH791416_145	2	narp1_adps,narp1_namat
MK138526_NARP1_1	NADP	NARP1	Antidefense	MK138526_142	MK138526_144	MK138526_142,MK138526_144	2	narp1_adps,narp1_namat
MK144667_acrie3_2	Anti_CRISPR	acrie3	Antidefense	MK144667_5	MK144667_7	MK144667_5,MK144667_7	2	aca1,acrie3
MK144667_acrif4_3	Anti_CRISPR	acrif4	Antidefense	MK144667_6	MK144667_7	MK144667_6,MK144667_7	2	aca1,acrif4
MK224498_NARP1_1	NADP	NARP1	Antidefense	MK224498_145	MK224498_147	MK224498_145,MK224498_147	2	narp1_adps,narp1_namat
MK340761_NARP1_1	NADP	NARP1	Antidefense	MK340761_142	MK340761_144	MK340761_142,MK340761_144	2	narp1_adps,narp1_namat
MK443264_NARP1_1	NADP	NARP1	Antidefense	MK443264_143	MK443264_145	MK443264_143,MK443264_145	2	narp1_adps,narp1_namat
MK443266_acb2_1	Anti_CBASS	acb2	Antidefense	MK443266_78	MK443266_78	MK443266_78	1	acb2
MK511017_acrie3_2	Anti_CRISPR	acrie3	Antidefense	MK511017_5	MK511017_7	MK511017_5,MK511017_7	2	aca1,acrie3
MK511017_acrif4_3	Anti_CRISPR	acrif4	Antidefense	MK511017_6	MK511017_7	MK511017_6,MK511017_7	2	aca1,acrif4
MK511018_acrie3_2	Anti_CRISPR	acrie3	Antidefense	MK511018_5	MK511018_7	MK511018_5,MK511018_7	2	aca1,acrie3
MK511018_acrif4_3	Anti_CRISPR	acrif4	Antidefense	MK511018_6	MK511018_7	MK511018_6,MK511018_7	2	aca1,acrif4
MK511019_acrie3_2	Anti_CRISPR	acrie3	Antidefense	MK511019_5	MK511019_7	MK511019_5,MK511019_7	2	aca1,acrie3
MK511019_acrif4_3	Anti_CRISPR	acrif4	Antidefense	MK511019_6	MK511019_7	MK511019_6,MK511019_7	2	aca1,acrif4
MK511020_acrie3_2	Anti_CRISPR	acrie3	Antidefense	MK511020_5	MK511020_7	MK511020_5,MK511020_7	2	aca1,acrie3
MK511020_acrif4_3	Anti_CRISPR	acrif4	Antidefense	MK511020_6	MK511020_7	MK511020_6,MK511020_7	2	aca1,acrif4
MK511021_acrie3_2	Anti_CRISPR	acrie3	Antidefense	MK511021_5	MK511021_7	MK511021_5,MK511021_7	2	aca1,acrie3
MK511021_acrif4_3	Anti_CRISPR	acrif4	Antidefense	MK511021_6	MK511021_7	MK511021_6,MK511021_7	2	aca1,acrif4
MK511022_acrie3_2	Anti_CRISPR	acrie3	Antidefense	MK511022_5	MK511022_7	MK511022_5,MK511022_7	2	aca1,acrie3
MK511022_acrif4_3	Anti_CRISPR	acrif4	Antidefense	MK511022_6	MK511022_7	MK511022_6,MK511022_7	2	aca1,acrif4
MK511023_acrie3_2	Anti_CRISPR	acrie3	Antidefense	MK511023_5	MK511023_7	MK511023_5,MK511023_7	2	aca1,acrie3
MK511023_acrif4_3	Anti_CRISPR	acrif4	Antidefense	MK511023_6	MK511023_7	MK511023_6,MK511023_7	2	aca1,acrif4
MK511024_acrie3_2	Anti_CRISPR	acrie3	Antidefense	MK511024_5	MK511024_7	MK511024_5,MK511024_7	2	aca1,acrie3
MK511024_acrif4_3	Anti_CRISPR	acrif4	Antidefense	MK511024_6	MK511024_7	MK511024_6,MK511024_7	2	aca1,acrif4
MK511025_acrie3_2	Anti_CRISPR	acrie3	Antidefense	MK511025_5	MK511025_7	MK511025_5,MK511025_7	2	aca1,acrie3
MK511025_acrif4_3	Anti_CRISPR	acrif4	Antidefense	MK511025_6	MK511025_7	MK511025_6,MK511025_7	2	aca1,acrif4
MK511026_acrie3_2	Anti_CRISPR	acrie3	Antidefense	MK511026_5	MK511026_7	MK511026_5,MK511026_7	2	aca1,acrie3
MK511026_acrif4_3	Anti_CRISPR	acrif4	Antidefense	MK511026_6	MK511026_7	MK511026_6,MK511026_7	2	aca1,acrif4
MK511027_acrie3_2	Anti_CRISPR	acrie3	Antidefense	MK511027_5	MK511027_7	MK511027_5,MK511027_7	2	aca1,acrie3
MK511027_acrif4_3	Anti_CRISPR	acrif4	Antidefense	MK511027_6	MK511027_7	MK511027_6,MK511027_7	2	aca1,acrif4
MK511028_acrie3_2	Anti_CRISPR	acrie3	Antidefense	MK511028_5	MK511028_7	MK511028_5,MK511028_7	2	aca1,acrie3
MK511028_acrif4_3	Anti_CRISPR	acrif4	Antidefense	MK511028_6	MK511028_7	MK511028_6,MK511028_7	2	aca1,acrif4
MK511029_acrie3_2	Anti_CRISPR	acrie3	Antidefense	MK511029_5	MK511029_7	MK511029_5,MK511029_7	2	aca1,acrie3
MK511029_acrif4_3	Anti_CRISPR	acrif4	Antidefense	MK511029_6	MK511029_7	MK511029_6,MK511029_7	2	aca1,acrif4
MK511030_acrie3_2	Anti_CRISPR	acrie3	Antidefense	MK511030_5	MK511030_7	MK511030_5,MK511030_7	2	aca1,acrie3
MK511030_acrif4_3	Anti_CRISPR	acrif4	Antidefense	MK511030_6	MK511030_7	MK511030_6,MK511030_7	2	aca1,acrif4
MK511031_acrie3_2	Anti_CRISPR	acrie3	Antidefense	MK511031_5	MK511031_7	MK511031_5,MK511031_7	2	aca1,acrie3
MK511031_acrif4_3	Anti_CRISPR	acrif4	Antidefense	MK511031_6	MK511031_7	MK511031_6,MK511031_7	2	aca1,acrif4
MK511032_acrie3_2	Anti_CRISPR	acrie3	Antidefense	MK511032_5	MK511032_7	MK511032_5,MK511032_7	2	aca1,acrie3
MK511032_acrif4_3	Anti_CRISPR	acrif4	Antidefense	MK511032_6	MK511032_7	MK511032_6,MK511032_7	2	aca1,acrif4
MK511033_acrie3_2	Anti_CRISPR	acrie3	Antidefense	MK511033_5	MK511033_7	MK511033_5,MK511033_7	2	aca1,acrie3
MK511033_acrif4_3	Anti_CRISPR	acrif4	Antidefense	MK511033_6	MK511033_7	MK511033_6,MK511033_7	2	aca1,acrif4
MK511034_acrie3_2	Anti_CRISPR	acrie3	Antidefense	MK511034_5	MK511034_7	MK511034_5,MK511034_7	2	aca1,acrie3
MK511034_acrif4_3	Anti_CRISPR	acrif4	Antidefense	MK511034_6	MK511034_7	MK511034_6,MK511034_7	2	aca1,acrif4
MK511035_acrie3_2	Anti_CRISPR	acrie3	Antidefense	MK511035_5	MK511035_7	MK511035_5,MK511035_7	2	aca1,acrie3
MK511035_acrif4_3	Anti_CRISPR	acrif4	Antidefense	MK511035_6	MK511035_7	MK511035_6,MK511035_7	2	aca1,acrif4
MK511036_acrie3_2	Anti_CRISPR	acrie3	Antidefense	MK511036_5	MK511036_7	MK511036_5,MK511036_7	2	aca1,acrie3
MK511036_acrif4_3	Anti_CRISPR	acrif4	Antidefense	MK511036_6	MK511036_7	MK511036_6,MK511036_7	2	aca1,acrif4
MK511037_acrie3_2	Anti_CRISPR	acrie3	Antidefense	MK511037_5	MK511037_7	MK511037_5,MK511037_7	2	aca1,acrie3
MK511037_acrif4_3	Anti_CRISPR	acrif4	Antidefense	MK511037_6	MK511037_7	MK511037_6,MK511037_7	2	aca1,acrif4
MK511038_acrie3_2	Anti_CRISPR	acrie3	Antidefense	MK511038_5	MK511038_7	MK511038_5,MK511038_7	2	aca1,acrie3
MK511038_acrif4_3	Anti_CRISPR	acrif4	Antidefense	MK511038_6	MK511038_7	MK511038_6,MK511038_7	2	aca1,acrif4
MK511040_vcrx091_093_1	Anti_CRISPR	vcrx091_093	Antidefense	MK511040_42	MK511040_44	MK511040_42,MK511040_44	2	vcrx091,vcrx093
MK511058_acb2_1	Anti_CBASS	acb2	Antidefense	MK511058_9	MK511058_9	MK511058_9	1	acb2
MK511059_acb2_1	Anti_CBASS	acb2	Antidefense	MK511059_9	MK511059_9	MK511059_9	1	acb2
MK511060_acb2_1	Anti_CBASS	acb2	Antidefense	MK511060_9	MK511060_9	MK511060_9	1	acb2
MK511061_acb2_1	Anti_CBASS	acb2	Antidefense	MK511061_9	MK511061_9	MK511061_9	1	acb2
MK511062_acb2_1	Anti_CBASS	acb2	Antidefense	MK511062_9	MK511062_9	MK511062_9	1	acb2
MK511063_acb2_1	Anti_CBASS	acb2	Antidefense	MK511063_9	MK511063_9	MK511063_9	1	acb2
MK511064_acb2_1	Anti_CBASS	acb2	Antidefense	MK511064_9	MK511064_9	MK511064_9	1	acb2
MK511065_acb2_1	Anti_CBASS	acb2	Antidefense	MK511065_9	MK511065_9	MK511065_9	1	acb2
MK514283_acb2_1	Anti_CBASS	acb2	Antidefense	MK514283_17	MK514283_17	MK514283_17	1	acb2
MK552327_NARP1_1	NADP	NARP1	Antidefense	MK552327_126	MK552327_127	MK552327_126,MK552327_127	2	narp1_adps,narp1_namat
MK599315_NARP1_1	NADP	NARP1	Antidefense	MK599315_116	MK599315_117	MK599315_116,MK599315_117	2	narp1_adps,narp1_namat
MK599315_tad1_2	Anti_Thoeris	tad1	Antidefense	MK599315_182	MK599315_182	MK599315_182	1	tad1
MK803322_acb2_1	Anti_CBASS	acb2	Antidefense	MK803322_78	MK803322_78	MK803322_78	1	acb2
MK813938.1_gad2_1	Anti_Gabija	gad2	Antidefense	MK813938.1_59	MK813938.1_59	MK813938.1_59	1	gad2
MK813940.1_gnarl1_1	Other	gnarl1	Antidefense	MK813940.1_60	MK813940.1_60	MK813940.1_60	1	gnarl1
MN013356_NARP1_1	NADP	NARP1	Antidefense	MN013356_136	MN013356_138	MN013356_136,MN013356_138	2	narp1_adps,narp1_namat
MN096267_acrif24_3	Anti_CRISPR	acrif24	Antidefense	MN096267_26	MN096267_26	MN096267_26	1	acrif24
MN096267_acrif23_2	Anti_CRISPR	acrif23	Antidefense	MN096267_27	MN096267_27	MN096267_27	1	acrif23
MN096267_Adnd_p0020_p0021_1	Anti_Dnd	Adnd_p0020_p0021	Antidefense	MN096267_65	MN096267_65	MN096267_65	1	adnd_p0020
MN103543_NARP1_1	NADP	NARP1	Antidefense	MN103543_110	MN103543_111	MN103543_110,MN103543_111	2	narp1_adps,narp1_namat
MN103543_tad1_2	Anti_Thoeris	tad1	Antidefense	MN103543_172	MN103543_172	MN103543_172	1	tad1
MN536027_acb2_1	Anti_CBASS	acb2	Antidefense	MN536027_9	MN536027_9	MN536027_9	1	acb2
MN563784_tad1_1	Anti_Thoeris	tad1	Antidefense	MN563784_181	MN563784_181	MN563784_181	1	tad1
MN563785_NARP1_1	NADP	NARP1	Antidefense	MN563785_142	MN563785_144	MN563785_142,MN563785_144	2	narp1_adps,narp1_namat
MN871456_ardb_klca_acric11_1	Anti_RM	ardb_klca_acric11	Antidefense	MN871456_74	MN871456_74	MN871456_74	1	klca
MN871463_ardb_klca_acric11_1	Anti_RM	ardb_klca_acric11	Antidefense	MN871463_79	MN871463_79	MN871463_79	1	klca
MN871469_ardb_klca_acric11_1	Anti_RM	ardb_klca_acric11	Antidefense	MN871469_79	MN871469_79	MN871469_79	1	klca
MN871470_NARP1_1	NADP	NARP1	Antidefense	MN871470_140	MN871470_142	MN871470_140,MN871470_142	2	narp1_adps,narp1_namat
MN871478_ardb_klca_acric11_1	Anti_RM	ardb_klca_acric11	Antidefense	MN871478_79	MN871478_79	MN871478_79	1	klca
MN871480_tad1_1	Anti_Thoeris	tad1	Antidefense	MN871480_181	MN871480_181	MN871480_181	1	tad1
MN871481_NARP1_1	NADP	NARP1	Antidefense	MN871481_139	MN871481_141	MN871481_139,MN871481_141	2	narp1_adps,narp1_namat
MN871482_ardb_klca_acric11_1	Anti_RM	ardb_klca_acric11	Antidefense	MN871482_71	MN871482_71	MN871482_71	1	klca
MN871486_ardb_klca_acric11_1	Anti_RM	ardb_klca_acric11	Antidefense	MN871486_77	MN871486_77	MN871486_77	1	klca
MN871488_NARP1_1	NADP	NARP1	Antidefense	MN871488_140	MN871488_142	MN871488_140,MN871488_142	2	narp1_adps,narp1_namat
MN871489_tad1_1	Anti_Thoeris	tad1	Antidefense	MN871489_180	MN871489_180	MN871489_180	1	tad1
MN905160_NARP1_1	NADP	NARP1	Antidefense	MN905160_150	MN905160_153	MN905160_150,MN905160_153	2	narp1_adps,narp1_namat
MT028297.1_rad_2	Anti_Retron	rad	Antidefense	MT028297.1_60	MT028297.1_60	MT028297.1_60	1	rad
MT028297.1_NARP1_1	NADP	NARP1	Antidefense	MT028297.1_111	MT028297.1_113	MT028297.1_111,MT028297.1_113	2	narp1_adps,narp1_namat
MT104475_acb1_1	Anti_CBASS	acb1	Antidefense	MT104475_2	MT104475_2	MT104475_2	1	acb1
MT118302_ardb_klca_acric11_1	Anti_RM	ardb_klca_acric11	Antidefense	MT118302_80	MT118302_80	MT118302_80	1	klca
MT133560_tad1_1	Anti_Thoeris	tad1	Antidefense	MT133560_174	MT133560_174	MT133560_174	1	tad1
MT597419_arda_ardu_1	Anti_RM	arda_ardu	Antidefense	MT597419_7	MT597419_7	MT597419_7	1	ardu
MT670417_NARP1_1	NADP	NARP1	Antidefense	MT670417_140	MT670417_143	MT670417_140,MT670417_143	2	narp1_adps,narp1_namat
MT670418_NARP1_1	NADP	NARP1	Antidefense	MT670418_144	MT670418_147	MT670418_144,MT670418_147	2	narp1_adps,narp1_namat
MT670419_NARP1_1	NADP	NARP1	Antidefense	MT670419_142	MT670419_145	MT670419_142,MT670419_145	2	narp1_adps,narp1_namat
MT670420_NARP1_1	NADP	NARP1	Antidefense	MT670420_146	MT670420_149	MT670420_146,MT670420_149	2	narp1_adps,narp1_namat
MT670421_NARP1_1	NADP	NARP1	Antidefense	MT670421_146	MT670421_149	MT670421_146,MT670421_149	2	narp1_adps,narp1_namat
MT670422_NARP1_1	NADP	NARP1	Antidefense	MT670422_146	MT670422_149	MT670422_146,MT670422_149	2	narp1_adps,narp1_namat
MT740307_NARP1_1	NADP	NARP1	Antidefense	MT740307_141	MT740307_146	MT740307_141,MT740307_146	2	narp1_adps,narp1_namat
MT995926_tad1_1	Anti_Thoeris	tad1	Antidefense	MT995926_179	MT995926_179	MT995926_179	1	tad1
MT995927_tad1_1	Anti_Thoeris	tad1	Antidefense	MT995927_180	MT995927_180	MT995927_180	1	tad1
MT995928_tad1_1	Anti_Thoeris	tad1	Antidefense	MT995928_179	MT995928_179	MT995928_179	1	tad1
MW057919_tad1_1	Anti_Thoeris	tad1	Antidefense	MW057919_162	MW057919_162	MW057919_162	1	tad1
MW175491_NARP1_1	NADP	NARP1	Antidefense	MW175491_149	MW175491_152	MW175491_149,MW175491_152	2	narp1_adps,narp1_namat
MW390886_acrie3_2	Anti_CRISPR	acrie3	Antidefense	MW390886_5	MW390886_7	MW390886_5,MW390886_7	2	aca1,acrie3
MW390886_acrif4_3	Anti_CRISPR	acrif4	Antidefense	MW390886_6	MW390886_7	MW390886_6,MW390886_7	2	aca1,acrif4
MW526259_NARP1_1	NADP	NARP1	Antidefense	MW526259_140	MW526259_142	MW526259_140,MW526259_142	2	narp1_adps,narp1_namat
MW748993_acrif2_c2_2	Anti_CRISPR	acrif2_c2	Antidefense	MW748993_25	MW748993_26	MW748993_25,MW748993_26	2	aca1,acrif2_c2
MW748993_vcrx091_093_3	Anti_CRISPR	vcrx091_093	Antidefense	MW748993_47	MW748993_50	MW748993_47,MW748993_50	2	vcrx091,vcrx092
MZ089741_ardb_klca_acric11_1	Anti_RM	ardb_klca_acric11	Antidefense	MZ089741_50	MZ089741_50	MZ089741_50	1	klca
MZ348425_acb1_2	Anti_CBASS	acb1	Antidefense	MZ348425_2	MZ348425_2	MZ348425_2	1	acb1
MZ348425_Adnd_p0020_p0021_1	Anti_Dnd	Adnd_p0020_p0021	Antidefense	MZ348425_61	MZ348425_61	MZ348425_61	1	adnd_p0020
MZ348426_NARP1_1	NADP	NARP1	Antidefense	MZ348426_144	MZ348426_147	MZ348426_144,MZ348426_147	2	narp1_adps,narp1_namat
MZ444140_tad1_1	Anti_Thoeris	tad1	Antidefense	MZ444140_180	MZ444140_180	MZ444140_180	1	tad1
MZ605293_NARP1_1	NADP	NARP1	Antidefense	MZ605293_142	MZ605293_147	MZ605293_142,MZ605293_147	2	narp1_adps,narp1_namat
MZ826350_NARP1_1	NADP	NARP1	Antidefense	MZ826350_140	MZ826350_143	MZ826350_140,MZ826350_143	2	narp1_adps,narp1_namat
MZ826353_NARP1_1	NADP	NARP1	Antidefense	MZ826353_144	MZ826353_146	MZ826353_144,MZ826353_146	2	narp1_adps,narp1_namat
MZ868713_NARP1_1	NADP	NARP1	Antidefense	MZ868713_135	MZ868713_138	MZ868713_135,MZ868713_138	2	narp1_adps,narp1_namat
MZ868718_acb1_1	Anti_CBASS	acb1	Antidefense	MZ868718_2	MZ868718_2	MZ868718_2	1	acb1
OK040171_NARP1_1	NADP	NARP1	Antidefense	OK040171_146	OK040171_148	OK040171_146,OK040171_148	2	narp1_adps,narp1_namat
OK258139_NARP1_1	NADP	NARP1	Antidefense	OK258139_140	OK258139_143	OK258139_140,OK258139_143	2	narp1_adps,narp1_namat
OK275491_NARP1_1	NADP	NARP1	Antidefense	OK275491_143	OK275491_145	OK275491_143,OK275491_145	2	narp1_adps,narp1_namat
OK539826_NARP1_1	NADP	NARP1	Antidefense	OK539826_142	OK539826_144	OK539826_142,OK539826_144	2	narp1_adps,narp1_namat
OL763419_ardb_klca_acric11_1	Anti_RM	ardb_klca_acric11	Antidefense	OL763419_78	OL763419_78	OL763419_78	1	klca
OM541307_acrie3_2	Anti_CRISPR	acrie3	Antidefense	OM541307_5	OM541307_7	OM541307_5,OM541307_7	2	aca1,acrie3
OM541307_acrif4_3	Anti_CRISPR	acrif4	Antidefense	OM541307_6	OM541307_7	OM541307_6,OM541307_7	2	aca1,acrif4
OM718002_tad1_1	Anti_Thoeris	tad1	Antidefense	OM718002_179	OM718002_179	OM718002_179	1	tad1
OM809160_ardb_klca_acric11_1	Anti_RM	ardb_klca_acric11	Antidefense	OM809160_78	OM809160_78	OM809160_78	1	klca
OM870967_NARP1_1	NADP	NARP1	Antidefense	OM870967_131	OM870967_133	OM870967_131,OM870967_133	2	narp1_adps,narp1_namat
OM870968_NARP1_1	NADP	NARP1	Antidefense	OM870968_129	OM870968_131	OM870968_129,OM870968_131	2	narp1_adps,narp1_namat
OM870969_NARP1_1	NADP	NARP1	Antidefense	OM870969_142	OM870969_144	OM870969_142,OM870969_144	2	narp1_adps,narp1_namat
OM870970_NARP1_1	NADP	NARP1	Antidefense	OM870970_139	OM870970_141	OM870970_139,OM870970_141	2	narp1_adps,narp1_namat
OM982620_NARP1_1	NADP	NARP1	Antidefense	OM982620_146	OM982620_148	OM982620_146,OM982620_148	2	narp1_adps,narp1_namat
OM982621_NARP2_1	NADP	NARP2	Antidefense	OM982621_193	OM982621_194	OM982621_193,OM982621_194	2	narp2_nampt,narp2_nmnat
OM982621_acb1_2	Anti_CBASS	acb1	Antidefense	OM982621_232	OM982621_232	OM982621_232	1	acb1
ON169972_NARP1_1	NADP	NARP1	Antidefense	ON169972_139	ON169972_141	ON169972_139,ON169972_141	2	narp1_adps,narp1_namat
ON361135_NARP1_1	NADP	NARP1	Antidefense	ON361135_137	ON361135_139	ON361135_137,ON361135_139	2	narp1_adps,narp1_namat
ON631220_tad1_1	Anti_Thoeris	tad1	Antidefense	ON631220_176	ON631220_176	ON631220_176	1	tad1
ON778006_acrif7_2	Anti_CRISPR	acrif7	Antidefense	ON778006_65	ON778006_66	ON778006_65,ON778006_66	2	aca1,acrif7
ON778007_vcrx091_093_2	Anti_CRISPR	vcrx091_093	Antidefense	ON778007_46	ON778007_48	ON778007_46,ON778007_48	2	vcrx091,vcrx092
ON778007_Adnd_p0020_p0021_1	Anti_Dnd	Adnd_p0020_p0021	Antidefense	ON778007_63	ON778007_63	ON778007_63	1	adnd_p0020
OP310983_tad1_1	Anti_Thoeris	tad1	Antidefense	OP310983_175	OP310983_175	OP310983_175	1	tad1
OP310984_tad1_1	Anti_Thoeris	tad1	Antidefense	OP310984_172	OP310984_172	OP310984_172	1	tad1
OP599913_acb1_1	Anti_CBASS	acb1	Antidefense	OP599913_117	OP599913_117	OP599913_117	1	acb1
OP627531_NARP1_1	NADP	NARP1	Antidefense	OP627531_142	OP627531_144	OP627531_142,OP627531_144	2	narp1_adps,narp1_namat
OP756059_NARP1_1	NADP	NARP1	Antidefense	OP756059_142	OP756059_144	OP756059_142,OP756059_144	2	narp1_adps,narp1_namat
OP784575_NARP1_1	NADP	NARP1	Antidefense	OP784575_142	OP784575_144	OP784575_142,OP784575_144	2	narp1_adps,narp1_namat
OP868670_acrif7_2	Anti_CRISPR	acrif7	Antidefense	OP868670_67	OP868670_68	OP868670_67,OP868670_68	2	aca1,acrif7
OP875100_NARP1_1	NADP	NARP1	Antidefense	OP875100_140	OP875100_142	OP875100_140,OP875100_142	2	narp1_adps,narp1_namat
OP875101_NARP1_1	NADP	NARP1	Antidefense	OP875101_147	OP875101_149	OP875101_147,OP875101_149	2	narp1_adps,narp1_namat
OP953026_tad1_1	Anti_Thoeris	tad1	Antidefense	OP953026_182	OP953026_182	OP953026_182	1	tad1
OP966821_Adnd_p0020_p0021_1	Anti_Dnd	Adnd_p0020_p0021	Antidefense	OP966821_51	OP966821_51	OP966821_51	1	adnd_p0020
OQ031493_tad1_1	Anti_Thoeris	tad1	Antidefense	OQ031493_175	OQ031493_175	OQ031493_175	1	tad1
OQ164637_NARP1_1	NADP	NARP1	Antidefense	OQ164637_138	OQ164637_140	OQ164637_138,OQ164637_140	2	narp1_adps,narp1_namat
OQ183418_rad_2	Anti_Retron	rad	Antidefense	OQ183418_172	OQ183418_172	OQ183418_172	1	rad
OQ183418_NARP1_1	NADP	NARP1	Antidefense	OQ183418_199	OQ183418_203	OQ183418_199,OQ183418_203	2	narp1_adps,narp1_namat
OQ200059_NARP1_1	NADP	NARP1	Antidefense	OQ200059_141	OQ200059_143	OQ200059_141,OQ200059_143	2	narp1_adps,narp1_namat
OQ210007_NARP1_1	NADP	NARP1	Antidefense	OQ210007_142	OQ210007_144	OQ210007_142,OQ210007_144	2	narp1_adps,narp1_namat
OQ210008_NARP1_1	NADP	NARP1	Antidefense	OQ210008_137	OQ210008_139	OQ210008_137,OQ210008_139	2	narp1_adps,narp1_namat
OQ225162_NARP1_1	NADP	NARP1	Antidefense	OQ225162_140	OQ225162_142	OQ225162_140,OQ225162_142	2	narp1_adps,narp1_namat
OQ225163_NARP1_1	NADP	NARP1	Antidefense	OQ225163_140	OQ225163_142	OQ225163_140,OQ225163_142	2	narp1_adps,narp1_namat
OQ319931_acb2_1	Anti_CBASS	acb2	Antidefense	OQ319931_17	OQ319931_17	OQ319931_17	1	acb2
OQ319933_NARP1_1	NADP	NARP1	Antidefense	OQ319933_137	OQ319933_139	OQ319933_137,OQ319933_139	2	narp1_adps,narp1_namat
OQ319936_NARP1_1	NADP	NARP1	Antidefense	OQ319936_139	OQ319936_141	OQ319936_139,OQ319936_141	2	narp1_adps,narp1_namat
OQ319937_NARP1_1	NADP	NARP1	Antidefense	OQ319937_137	OQ319937_139	OQ319937_137,OQ319937_139	2	narp1_adps,narp1_namat
OQ363659_NARP1_1	NADP	NARP1	Antidefense	OQ363659_121	OQ363659_122	OQ363659_121,OQ363659_122	2	narp1_adps,narp1_namat
OQ411628_NARP1_1	NADP	NARP1	Antidefense	OQ411628_143	OQ411628_145	OQ411628_143,OQ411628_145	2	narp1_adps,narp1_namat
OQ594955_Adnd_p0020_p0021_1	Anti_Dnd	Adnd_p0020_p0021	Antidefense	OQ594955_49	OQ594955_49	OQ594955_49	1	adnd_p0020
OQ594956_acrif24_2	Anti_CRISPR	acrif24	Antidefense	OQ594956_26	OQ594956_26	OQ594956_26	1	acrif24
OQ594956_acrif23_1	Anti_CRISPR	acrif23	Antidefense	OQ594956_27	OQ594956_27	OQ594956_27	1	acrif23
OQ594957_acrif3_2	Anti_CRISPR	acrif3	Antidefense	OQ594957_6	OQ594957_8	OQ594957_6,OQ594957_8	2	aca1,acrif3
OQ594957_acrif5_3	Anti_CRISPR	acrif5	Antidefense	OQ594957_7	OQ594957_8	OQ594957_7,OQ594957_8	2	aca1,acrif5
OQ603351_NARP1_1	NADP	NARP1	Antidefense	OQ603351_145	OQ603351_146	OQ603351_145,OQ603351_146	2	narp1_adps,narp1_namat
OQ721915_NARP1_1	NADP	NARP1	Antidefense	OQ721915_145	OQ721915_147	OQ721915_145,OQ721915_147	2	narp1_adps,narp1_namat
OQ828465_tad1_1	Anti_Thoeris	tad1	Antidefense	OQ828465_180	OQ828465_180	OQ828465_180	1	tad1
OQ850183_NARP1_1	NADP	NARP1	Antidefense	OQ850183_145	OQ850183_147	OQ850183_145,OQ850183_147	2	narp1_adps,narp1_namat
OQ921398_NARP1_1	NADP	NARP1	Antidefense	OQ921398_138	OQ921398_140	OQ921398_138,OQ921398_140	2	narp1_adps,narp1_namat
OQ992553_ardb_klca_acric11_1	Anti_RM	ardb_klca_acric11	Antidefense	OQ992553_77	OQ992553_77	OQ992553_77	1	klca
OQ992554_NARP1_1	NADP	NARP1	Antidefense	OQ992554_138	OQ992554_140	OQ992554_138,OQ992554_140	2	narp1_adps,narp1_namat
OQ992557_ardb_klca_acric11_1	Anti_RM	ardb_klca_acric11	Antidefense	OQ992557_78	OQ992557_78	OQ992557_78	1	klca
OQ992558.1_arn_3	Anti_RM	arn	Antidefense	OQ992558.1_86	OQ992558.1_86	OQ992558.1_86	1	arn
OQ992558.1_tifa_5	Anti_TA	tifa	Antidefense	OQ992558.1_142	OQ992558.1_142	OQ992558.1_142	1	tifa
OQ992558.1_dmd_4	Anti_TA	dmd	Antidefense	OQ992558.1_143	OQ992558.1_143	OQ992558.1_143	1	dmd
OQ992558.1_acb2_2	Anti_CBASS	acb2	Antidefense	OQ992558.1_223	OQ992558.1_223	OQ992558.1_223	1	acb2
OQ992558.1_acb1_1	Anti_CBASS	acb1	Antidefense	OQ992558.1_247	OQ992558.1_247	OQ992558.1_247	1	acb1
OQ992561_tad1_1	Anti_Thoeris	tad1	Antidefense	OQ992561_170	OQ992561_170	OQ992561_170	1	tad1
OQ992562_tad1_1	Anti_Thoeris	tad1	Antidefense	OQ992562_182	OQ992562_182	OQ992562_182	1	tad1
OR211677_NARP1_1	NADP	NARP1	Antidefense	OR211677_141	OR211677_143	OR211677_141,OR211677_143	2	narp1_adps,narp1_namat
OR228460_tad1_1	Anti_Thoeris	tad1	Antidefense	OR228460_171	OR228460_171	OR228460_171	1	tad1
OR500437_NARP1_1	NADP	NARP1	Antidefense	OR500437_140	OR500437_144	OR500437_140,OR500437_144	2	narp1_adps,narp1_namat
OR538761_ardb_klca_acric11_1	Anti_RM	ardb_klca_acric11	Antidefense	OR538761_76	OR538761_76	OR538761_76	1	klca
OR575930_NARP1_1	NADP	NARP1	Antidefense	OR575930_153	OR575930_155	OR575930_153,OR575930_155	2	narp1_adps,narp1_namat
OR577172_acb2_1	Anti_CBASS	acb2	Antidefense	OR577172_81	OR577172_81	OR577172_81	1	acb2
OR584013_arn_3	Anti_RM	arn	Antidefense	OR584013_87	OR584013_87	OR584013_87	1	arn
OR584013_tifa_5	Anti_TA	tifa	Antidefense	OR584013_144	OR584013_144	OR584013_144	1	tifa
OR584013_dmd_4	Anti_TA	dmd	Antidefense	OR584013_145	OR584013_145	OR584013_145	1	dmd
OR584013_acb2_2	Anti_CBASS	acb2	Antidefense	OR584013_219	OR584013_219	OR584013_219	1	acb2
OR584013_acb1_1	Anti_CBASS	acb1	Antidefense	OR584013_242	OR584013_242	OR584013_242	1	acb1
OR584014_atd1_1	Anti_Thoeris	atd1	Antidefense	OR584014_74	OR584014_74	OR584014_74	1	atd1
OR608733_tad1_1	Anti_Thoeris	tad1	Antidefense	OR608733_176	OR608733_176	OR608733_176	1	tad1
OR608734_tad1_1	Anti_Thoeris	tad1	Antidefense	OR608734_174	OR608734_174	OR608734_174	1	tad1
OR608735_tad1_1	Anti_Thoeris	tad1	Antidefense	OR608735_174	OR608735_174	OR608735_174	1	tad1
OR608736_tad1_1	Anti_Thoeris	tad1	Antidefense	OR608736_175	OR608736_175	OR608736_175	1	tad1
OR683402_acrie1_2	Anti_CRISPR	acrie1	Antidefense	OR683402_5	OR683402_8	OR683402_5,OR683402_8	2	aca1,acrie1
OR683402_acrif3_3	Anti_CRISPR	acrif3	Antidefense	OR683402_6	OR683402_8	OR683402_6,OR683402_8	2	aca1,acrif3
OR683402_acrif5_4	Anti_CRISPR	acrif5	Antidefense	OR683402_7	OR683402_8	OR683402_7,OR683402_8	2	aca1,acrif5
OR683409_Adnd_p0020_p0021_1	Anti_Dnd	Adnd_p0020_p0021	Antidefense	OR683409_59	OR683409_59	OR683409_59	1	adnd_p0020
OR683413_acb2_1	Anti_CBASS	acb2	Antidefense	OR683413_9	OR683413_9	OR683413_9	1	acb2
OR805291_ardb_klca_acric11_1	Anti_RM	ardb_klca_acric11	Antidefense	OR805291_79	OR805291_79	OR805291_79	1	klca
OR858750_NARP1_1	NADP	NARP1	Antidefense	OR858750_143	OR858750_145	OR858750_143,OR858750_145	2	narp1_adps,narp1_namat
OR941787_NARP1_1	NADP	NARP1	Antidefense	OR941787_144	OR941787_146	OR941787_144,OR941787_146	2	narp1_adps,narp1_namat
OU343167_NARP1_1	NADP	NARP1	Antidefense	OU343167_111	OU343167_112	OU343167_111,OU343167_112	2	narp1_adps,narp1_namat
OU343167_tad1_2	Anti_Thoeris	tad1	Antidefense	OU343167_174	OU343167_174	OU343167_174	1	tad1
OU343168_acb1_1	Anti_CBASS	acb1	Antidefense	OU343168_116	OU343168_116	OU343168_116	1	acb1
PP003916_acrif3_2	Anti_CRISPR	acrif3	Antidefense	PP003916_5	PP003916_6	PP003916_5,PP003916_6	2	aca1,acrif3
PP003918_Adnd_p0020_p0021_1	Anti_Dnd	Adnd_p0020_p0021	Antidefense	PP003918_50	PP003918_50	PP003918_50	1	adnd_p0020
PP003920_Adnd_p0020_p0021_1	Anti_Dnd	Adnd_p0020_p0021	Antidefense	PP003920_44	PP003920_44	PP003920_44	1	adnd_p0020
PP003921_Adnd_p0020_p0021_1	Anti_Dnd	Adnd_p0020_p0021	Antidefense	PP003921_66	PP003921_66	PP003921_66	1	adnd_p0020
PP003923_acb2_1	Anti_CBASS	acb2	Antidefense	PP003923_9	PP003923_9	PP003923_9	1	acb2
PP067092_Adnd_p0020_p0021_1	Anti_Dnd	Adnd_p0020_p0021	Antidefense	PP067092_64	PP067092_64	PP067092_64	1	adnd_p0020
PP083313_acb1_1	Anti_CBASS	acb1	Antidefense	PP083313_2	PP083313_2	PP083313_2	1	acb1
PP179310_NARP1_1	NADP	NARP1	Antidefense	PP179310_156	PP179310_160	PP179310_156,PP179310_160	2	narp1_adps,narp1_namat
PP179311_NARP1_1	NADP	NARP1	Antidefense	PP179311_157	PP179311_161	PP179311_157,PP179311_161	2	narp1_adps,narp1_namat
PP179334_Adnd_p0020_p0021_1	Anti_Dnd	Adnd_p0020_p0021	Antidefense	PP179334_72	PP179334_72	PP179334_72	1	adnd_p0020
PP203289_NARP1_1	NADP	NARP1	Antidefense	PP203289_150	PP203289_152	PP203289_150,PP203289_152	2	narp1_adps,narp1_namat
PP203294_NARP1_1	NADP	NARP1	Antidefense	PP203294_140	PP203294_142	PP203294_140,PP203294_142	2	narp1_adps,narp1_namat
PP408251_ardb_klca_acric11_1	Anti_RM	ardb_klca_acric11	Antidefense	PP408251_79	PP408251_79	PP408251_79	1	klca
PP408252_ardb_klca_acric11_1	Anti_RM	ardb_klca_acric11	Antidefense	PP408252_79	PP408252_79	PP408252_79	1	klca
PP408253_ardb_klca_acric11_1	Anti_RM	ardb_klca_acric11	Antidefense	PP408253_76	PP408253_76	PP408253_76	1	klca
PP408254_ardb_klca_acric11_1	Anti_RM	ardb_klca_acric11	Antidefense	PP408254_80	PP408254_80	PP408254_80	1	klca
PP456877_tad1_1	Anti_Thoeris	tad1	Antidefense	PP456877_179	PP456877_179	PP456877_179	1	tad1
PP456878_tad1_1	Anti_Thoeris	tad1	Antidefense	PP456878_182	PP456878_182	PP456878_182	1	tad1
PP456879_tad1_1	Anti_Thoeris	tad1	Antidefense	PP456879_181	PP456879_181	PP456879_181	1	tad1
PP485037_ardb_klca_acric11_1	Anti_RM	ardb_klca_acric11	Antidefense	PP485037_72	PP485037_72	PP485037_72	1	klca
PP496413_NARP1_1	NADP	NARP1	Antidefense	PP496413_147	PP496413_148	PP496413_147,PP496413_148	2	narp1_adps,narp1_namat
PP496414_NARP1_1	NADP	NARP1	Antidefense	PP496414_145	PP496414_147	PP496414_145,PP496414_147	2	narp1_adps,narp1_namat
PP496415_NARP1_1	NADP	NARP1	Antidefense	PP496415_145	PP496415_147	PP496415_145,PP496415_147	2	narp1_adps,narp1_namat
PP496416_NARP1_1	NADP	NARP1	Antidefense	PP496416_146	PP496416_148	PP496416_146,PP496416_148	2	narp1_adps,narp1_namat
PP496417_NARP1_1	NADP	NARP1	Antidefense	PP496417_153	PP496417_155	PP496417_153,PP496417_155	2	narp1_adps,narp1_namat
PP496436_acb1_1	Anti_CBASS	acb1	Antidefense	PP496436_144	PP496436_144	PP496436_144	1	acb1
PP496437_acb1_1	Anti_CBASS	acb1	Antidefense	PP496437_145	PP496437_145	PP496437_145	1	acb1
PP496438_acb1_1	Anti_CBASS	acb1	Antidefense	PP496438_148	PP496438_148	PP496438_148	1	acb1
PP496439_acb1_1	Anti_CBASS	acb1	Antidefense	PP496439_148	PP496439_148	PP496439_148	1	acb1
PP496440_acb1_1	Anti_CBASS	acb1	Antidefense	PP496440_144	PP496440_144	PP496440_144	1	acb1
PP496441_acb1_1	Anti_CBASS	acb1	Antidefense	PP496441_147	PP496441_147	PP496441_147	1	acb1
PP496442_acb1_1	Anti_CBASS	acb1	Antidefense	PP496442_146	PP496442_146	PP496442_146	1	acb1
PP496443_acb1_1	Anti_CBASS	acb1	Antidefense	PP496443_145	PP496443_145	PP496443_145	1	acb1
PP496444_acb1_1	Anti_CBASS	acb1	Antidefense	PP496444_145	PP496444_145	PP496444_145	1	acb1
PP541513_NARP1_1	NADP	NARP1	Antidefense	PP541513_147	PP541513_149	PP541513_147,PP541513_149	2	narp1_adps,narp1_namat
PP551948_NARP1_1	NADP	NARP1	Antidefense	PP551948_141	PP551948_144	PP551948_141,PP551948_144	2	narp1_adps,narp1_namat
PP596840_ardb_klca_acric11_1	Anti_RM	ardb_klca_acric11	Antidefense	PP596840_79	PP596840_79	PP596840_79	1	klca
PP661415_ardb_klca_acric11_1	Anti_RM	ardb_klca_acric11	Antidefense	PP661415_78	PP661415_78	PP661415_78	1	klca
PP661416_ardb_klca_acric11_1	Anti_RM	ardb_klca_acric11	Antidefense	PP661416_78	PP661416_78	PP661416_78	1	klca
PP661417_ardb_klca_acric11_1	Anti_RM	ardb_klca_acric11	Antidefense	PP661417_76	PP661417_76	PP661417_76	1	klca
PP661418_ardb_klca_acric11_1	Anti_RM	ardb_klca_acric11	Antidefense	PP661418_75	PP661418_75	PP661418_75	1	klca
PP712940_NARP1_1	NADP	NARP1	Antidefense	PP712940_140	PP712940_142	PP712940_140,PP712940_142	2	narp1_adps,narp1_namat
PP740689_Adnd_p0020_p0021_1	Anti_Dnd	Adnd_p0020_p0021	Antidefense	PP740689_61	PP740689_61	PP740689_61	1	adnd_p0020
PP760143_ardb_klca_acric11_1	Anti_RM	ardb_klca_acric11	Antidefense	PP760143_79	PP760143_79	PP760143_79	1	klca
PP766723_NARP1_1	NADP	NARP1	Antidefense	PP766723_140	PP766723_142	PP766723_140,PP766723_142	2	narp1_adps,narp1_namat
PP782352_ardb_klca_acric11_1	Anti_RM	ardb_klca_acric11	Antidefense	PP782352_77	PP782352_77	PP782352_77	1	klca
PP793740_tad1_1	Anti_Thoeris	tad1	Antidefense	PP793740_176	PP793740_176	PP793740_176	1	tad1
PP813861_tad1_1	Anti_Thoeris	tad1	Antidefense	PP813861_163	PP813861_163	PP813861_163	1	tad1
PP813865_acrif7_2	Anti_CRISPR	acrif7	Antidefense	PP813865_5	PP813865_6	PP813865_5,PP813865_6	2	aca1,acrif7
PP813866_ardb_klca_acric11_1	Anti_RM	ardb_klca_acric11	Antidefense	PP813866_79	PP813866_79	PP813866_79	1	klca
PP836135_NARP1_1	NADP	NARP1	Antidefense	PP836135_146	PP836135_148	PP836135_146,PP836135_148	2	narp1_adps,narp1_namat
PP836136_NARP1_1	NADP	NARP1	Antidefense	PP836136_144	PP836136_146	PP836136_144,PP836136_146	2	narp1_adps,narp1_namat
PP836137_acrif2_c2_2	Anti_CRISPR	acrif2_c2	Antidefense	PP836137_5	PP836137_7	PP836137_5,PP836137_7	2	aca1,acrif2_c2
PP836137_mom_3	Anti_RM	mom	Antidefense	PP836137_29	PP836137_29	PP836137_29	1	mom
PP944330_ardb_klca_acric11_1	Anti_RM	ardb_klca_acric11	Antidefense	PP944330_77	PP944330_77	PP944330_77	1	klca
PP968062_NARP1_1	NADP	NARP1	Antidefense	PP968062_115	PP968062_116	PP968062_115,PP968062_116	2	narp1_adps,narp1_namat
PP968062_tad1_2	Anti_Thoeris	tad1	Antidefense	PP968062_180	PP968062_180	PP968062_180	1	tad1
PQ015378_NARP1_1	NADP	NARP1	Antidefense	PQ015378_113	PQ015378_114	PQ015378_113,PQ015378_114	2	narp1_adps,narp1_namat
PQ093904_tad1_1	Anti_Thoeris	tad1	Antidefense	PQ093904_179	PQ093904_179	PQ093904_179	1	tad1
PQ144889_ardb_klca_acric11_1	Anti_RM	ardb_klca_acric11	Antidefense	PQ144889_80	PQ144889_80	PQ144889_80	1	klca
PQ227241_tad1_1	Anti_Thoeris	tad1	Antidefense	PQ227241_175	PQ227241_175	PQ227241_175	1	tad1
PQ287280_acrif3_2	Anti_CRISPR	acrif3	Antidefense	PQ287280_5	PQ287280_6	PQ287280_5,PQ287280_6	2	aca1,acrif3
PQ287282_acrif1_1	Anti_CRISPR	acrif1	Antidefense	PQ287282_60	PQ287282_60	PQ287282_60	1	acrif1
PQ287642_NARP1_1	NADP	NARP1	Antidefense	PQ287642_112	PQ287642_113	PQ287642_112,PQ287642_113	2	narp1_adps,narp1_namat
PQ287642_tad1_2	Anti_Thoeris	tad1	Antidefense	PQ287642_176	PQ287642_176	PQ287642_176	1	tad1
PQ287644_acb1_1	Anti_CBASS	acb1	Antidefense	PQ287644_123	PQ287644_123	PQ287644_123	1	acb1
PQ287649_acb1_1	Anti_CBASS	acb1	Antidefense	PQ287649_116	PQ287649_116	PQ287649_116	1	acb1
PQ287651_NARP1_1	NADP	NARP1	Antidefense	PQ287651_131	PQ287651_133	PQ287651_131,PQ287651_133	2	narp1_adps,narp1_namat
PQ287655_NARP1_1	NADP	NARP1	Antidefense	PQ287655_140	PQ287655_142	PQ287655_140,PQ287655_142	2	narp1_adps,narp1_namat
PQ288046_NARP1_1	NADP	NARP1	Antidefense	PQ288046_147	PQ288046_149	PQ288046_147,PQ288046_149	2	narp1_adps,narp1_namat
PQ349087_acb2_1	Anti_CBASS	acb2	Antidefense	PQ349087_9	PQ349087_9	PQ349087_9	1	acb2
PQ415073_acrif2_c2_2	Anti_CRISPR	acrif2_c2	Antidefense	PQ415073_5	PQ415073_7	PQ415073_5,PQ415073_7	2	aca1,acrif2_c2
PQ415073_mom_3	Anti_RM	mom	Antidefense	PQ415073_29	PQ415073_29	PQ415073_29	1	mom
PQ429081_NARP1_1	NADP	NARP1	Antidefense	PQ429081_144	PQ429081_146	PQ429081_144,PQ429081_146	2	narp1_adps,narp1_namat
PQ449026_acrif3_2	Anti_CRISPR	acrif3	Antidefense	PQ449026_5	PQ449026_7	PQ449026_5,PQ449026_7	2	aca1,acrif3
PQ449026_acrif5_3	Anti_CRISPR	acrif5	Antidefense	PQ449026_6	PQ449026_7	PQ449026_6,PQ449026_7	2	aca1,acrif5
PQ464592_NARP1_1	NADP	NARP1	Antidefense	PQ464592_152	PQ464592_155	PQ464592_152,PQ464592_155	2	narp1_adps,narp1_namat
PQ464597_NARP2_1	NADP	NARP2	Antidefense	PQ464597_192	PQ464597_193	PQ464597_192,PQ464597_193	2	narp2_nampt,narp2_nmnat
PQ464597_acb1_2	Anti_CBASS	acb1	Antidefense	PQ464597_231	PQ464597_231	PQ464597_231	1	acb1
PQ466444_acrif1_2	Anti_CRISPR	acrif1	Antidefense	PQ466444_5	PQ466444_6	PQ466444_5,PQ466444_6	2	aca1,acrif1
PQ466445_acrif1_2	Anti_CRISPR	acrif1	Antidefense	PQ466445_5	PQ466445_6	PQ466445_5,PQ466445_6	2	aca1,acrif1
PQ474299_ardb_klca_acric11_1	Anti_RM	ardb_klca_acric11	Antidefense	PQ474299_77	PQ474299_77	PQ474299_77	1	klca
PQ493639.1_NARP1_1	NADP	NARP1	Antidefense	PQ493639.1_139	PQ493639.1_141	PQ493639.1_139,PQ493639.1_141	2	narp1_adps,narp1_namat
PQ493642.1_tad1_1	Anti_Thoeris	tad1	Antidefense	PQ493642.1_179	PQ493642.1_179	PQ493642.1_179	1	tad1
PQ516283_acb1_1	Anti_CBASS	acb1	Antidefense	PQ516283_310	PQ516283_310	PQ516283_310	1	acb1
PQ533653_acrif3_2	Anti_CRISPR	acrif3	Antidefense	PQ533653_6	PQ533653_8	PQ533653_6,PQ533653_8	2	aca1,acrif3
PQ533653_acrif5_3	Anti_CRISPR	acrif5	Antidefense	PQ533653_7	PQ533653_8	PQ533653_7,PQ533653_8	2	aca1,acrif5
PQ533654_acrif1_2	Anti_CRISPR	acrif1	Antidefense	PQ533654_5	PQ533654_6	PQ533654_5,PQ533654_6	2	aca1,acrif1
PQ533655_acrie3_2	Anti_CRISPR	acrie3	Antidefense	PQ533655_5	PQ533655_7	PQ533655_5,PQ533655_7	2	aca1,acrie3
PQ533655_acrif4_3	Anti_CRISPR	acrif4	Antidefense	PQ533655_6	PQ533655_7	PQ533655_6,PQ533655_7	2	aca1,acrif4
PQ533656_acrif3_2	Anti_CRISPR	acrif3	Antidefense	PQ533656_6	PQ533656_8	PQ533656_6,PQ533656_8	2	aca1,acrif3
PQ533656_acrif5_3	Anti_CRISPR	acrif5	Antidefense	PQ533656_7	PQ533656_8	PQ533656_7,PQ533656_8	2	aca1,acrif5
PQ533657_acrie2_2	Anti_CRISPR	acrie2	Antidefense	PQ533657_5	PQ533657_7	PQ533657_5,PQ533657_7	2	aca1,acrie2
PQ533657_acrif3_3	Anti_CRISPR	acrif3	Antidefense	PQ533657_6	PQ533657_7	PQ533657_6,PQ533657_7	2	aca1,acrif3
PQ533658_acrie3_2	Anti_CRISPR	acrie3	Antidefense	PQ533658_5	PQ533658_7	PQ533658_5,PQ533658_7	2	aca1,acrie3
PQ533658_acrif4_3	Anti_CRISPR	acrif4	Antidefense	PQ533658_6	PQ533658_7	PQ533658_6,PQ533658_7	2	aca1,acrif4
PQ533659_acrie2_2	Anti_CRISPR	acrie2	Antidefense	PQ533659_37	PQ533659_39	PQ533659_37,PQ533659_39	2	aca1,acrie2
PQ533659_acrif3_3	Anti_CRISPR	acrif3	Antidefense	PQ533659_38	PQ533659_39	PQ533659_38,PQ533659_39	2	aca1,acrif3
PQ533660_acrif2_c2_2	Anti_CRISPR	acrif2_c2	Antidefense	PQ533660_5	PQ533660_7	PQ533660_5,PQ533660_7	2	aca1,acrif2_c2
PQ533661_acrie2_2	Anti_CRISPR	acrie2	Antidefense	PQ533661_5	PQ533661_7	PQ533661_5,PQ533661_7	2	aca1,acrie2
PQ533661_acrif3_3	Anti_CRISPR	acrif3	Antidefense	PQ533661_6	PQ533661_7	PQ533661_6,PQ533661_7	2	aca1,acrif3
PQ533662_acrif3_2	Anti_CRISPR	acrif3	Antidefense	PQ533662_5	PQ533662_6	PQ533662_5,PQ533662_6	2	aca1,acrif3
PQ533663_acrif3_2	Anti_CRISPR	acrif3	Antidefense	PQ533663_6	PQ533663_8	PQ533663_6,PQ533663_8	2	aca1,acrif3
PQ533663_acrif5_3	Anti_CRISPR	acrif5	Antidefense	PQ533663_7	PQ533663_8	PQ533663_7,PQ533663_8	2	aca1,acrif5
PQ533664_acb2_1	Anti_CBASS	acb2	Antidefense	PQ533664_9	PQ533664_9	PQ533664_9	1	acb2
PQ533665_acrif3_2	Anti_CRISPR	acrif3	Antidefense	PQ533665_6	PQ533665_8	PQ533665_6,PQ533665_8	2	aca1,acrif3
PQ533665_acrif5_3	Anti_CRISPR	acrif5	Antidefense	PQ533665_7	PQ533665_8	PQ533665_7,PQ533665_8	2	aca1,acrif5
PQ533666_acrif7_2	Anti_CRISPR	acrif7	Antidefense	PQ533666_5	PQ533666_6	PQ533666_5,PQ533666_6	2	aca1,acrif7
PQ533670_acrif3_2	Anti_CRISPR	acrif3	Antidefense	PQ533670_6	PQ533670_8	PQ533670_6,PQ533670_8	2	aca1,acrif3
PQ533670_acrif5_3	Anti_CRISPR	acrif5	Antidefense	PQ533670_7	PQ533670_8	PQ533670_7,PQ533670_8	2	aca1,acrif5
PQ569625.1_Adnd_p0020_p0021_1	Anti_Dnd	Adnd_p0020_p0021	Antidefense	PQ569625.1_53	PQ569625.1_53	PQ569625.1_53	1	adnd_p0020
PQ571159_acrif3_2	Anti_CRISPR	acrif3	Antidefense	PQ571159_5	PQ571159_6	PQ571159_5,PQ571159_6	2	aca1,acrif3
PQ571160_acrif2_c2_2	Anti_CRISPR	acrif2_c2	Antidefense	PQ571160_5	PQ571160_7	PQ571160_5,PQ571160_7	2	aca1,acrif2_c2
PQ628080_acb2_1	Anti_CBASS	acb2	Antidefense	PQ628080_17	PQ628080_17	PQ628080_17	1	acb2
PQ628237.3_ardb_klca_acric11_1	Anti_RM	ardb_klca_acric11	Antidefense	PQ628237.3_80	PQ628237.3_80	PQ628237.3_80	1	klca
PQ628237_ardb_klca_acric11_1	Anti_RM	ardb_klca_acric11	Antidefense	PQ628237_74	PQ628237_74	PQ628237_74	1	klca
PQ632788.4_ardb_klca_acric11_1	Anti_RM	ardb_klca_acric11	Antidefense	PQ632788.4_77	PQ632788.4_77	PQ632788.4_77	1	klca
PQ632788_ardb_klca_acric11_1	Anti_RM	ardb_klca_acric11	Antidefense	PQ632788_68	PQ632788_68	PQ632788_68	1	klca
PQ656807_NARP1_1	NADP	NARP1	Antidefense	PQ656807_137	PQ656807_139	PQ656807_137,PQ656807_139	2	narp1_adps,narp1_namat
PQ741806_tad1_1	Anti_Thoeris	tad1	Antidefense	PQ741806_177	PQ741806_177	PQ741806_177	1	tad1
PQ758385_tad1_1	Anti_Thoeris	tad1	Antidefense	PQ758385_175	PQ758385_175	PQ758385_175	1	tad1
PQ758386_tad1_1	Anti_Thoeris	tad1	Antidefense	PQ758386_175	PQ758386_175	PQ758386_175	1	tad1
PQ758387_NARP1_1	NADP	NARP1	Antidefense	PQ758387_138	PQ758387_140	PQ758387_138,PQ758387_140	2	narp1_adps,narp1_namat
PQ758392_acrif1_2	Anti_CRISPR	acrif1	Antidefense	PQ758392_5	PQ758392_6	PQ758392_5,PQ758392_6	2	aca1,acrif1
PQ788408_acric3_3	Anti_CRISPR	acric3	Antidefense	PQ788408_25	PQ788408_27	PQ788408_25,PQ788408_27	2	aca1,acric3
PQ788408_acric3_3	Anti_CRISPR	acric3	Antidefense	PQ788408_25	PQ788408_27	PQ788408_25,PQ788408_27	2	aca1,acric3
PQ788408_acric4_4	Anti_CRISPR	acric4	Antidefense	PQ788408_25	PQ788408_26	PQ788408_25,PQ788408_26	2	aca1,acric4
PQ788408_acric4_4	Anti_CRISPR	acric4	Antidefense	PQ788408_25	PQ788408_26	PQ788408_25,PQ788408_26	2	aca1,acric4
PQ788408_Adnd_p0020_p0021_2	Anti_Dnd	Adnd_p0020_p0021	Antidefense	PQ788408_62	PQ788408_62	PQ788408_62	1	adnd_p0020
PQ859844_NARP1_1	NADP	NARP1	Antidefense	PQ859844_143	PQ859844_145	PQ859844_143,PQ859844_145	2	narp1_adps,narp1_namat
PV029745.1_NARP1_1	NADP	NARP1	Antidefense	PV029745.1_111	PV029745.1_112	PV029745.1_111,PV029745.1_112	2	narp1_adps,narp1_namat
PV029745.1_tad1_2	Anti_Thoeris	tad1	Antidefense	PV029745.1_172	PV029745.1_172	PV029745.1_172	1	tad1
PV031332_ardb_klca_acric11_1	Anti_RM	ardb_klca_acric11	Antidefense	PV031332_79	PV031332_79	PV031332_79	1	klca
PV105456_NARP1_1	NADP	NARP1	Antidefense	PV105456_139	PV105456_141	PV105456_139,PV105456_141	2	narp1_adps,narp1_namat
PV400809_acb1_1	Anti_CBASS	acb1	Antidefense	PV400809_114	PV400809_114	PV400809_114	1	acb1
PV400810_acb1_1	Anti_CBASS	acb1	Antidefense	PV400810_114	PV400810_114	PV400810_114	1	acb1
PV425003_acrie2_2	Anti_CRISPR	acrie2	Antidefense	PV425003_5	PV425003_7	PV425003_5,PV425003_7	2	aca1,acrie2
PV425003_acrif3_3	Anti_CRISPR	acrif3	Antidefense	PV425003_6	PV425003_7	PV425003_6,PV425003_7	2	aca1,acrif3
PV426651.1_ardb_klca_acric11_1	Anti_RM	ardb_klca_acric11	Antidefense	PV426651.1_78	PV426651.1_78	PV426651.1_78	1	klca
PV446631.1_ardb_klca_acric11_1	Anti_RM	ardb_klca_acric11	Antidefense	PV446631.1_79	PV446631.1_79	PV446631.1_79	1	klca
PV446632.1_tad2_acriia7_3	Anti_Thoeris	tad2_acriia7	Antidefense	PV446632.1_15	PV446632.1_15	PV446632.1_15	1	acriia7
PV446632.1_NARP2_1	NADP	NARP2	Antidefense	PV446632.1_178	PV446632.1_179	PV446632.1_178,PV446632.1_179	2	narp2_nampt,narp2_nmnat
PV446632.1_acb1_2	Anti_CBASS	acb1	Antidefense	PV446632.1_219	PV446632.1_219	PV446632.1_219	1	acb1
PV446634.1_acb2_1	Anti_CBASS	acb2	Antidefense	PV446634.1_17	PV446634.1_17	PV446634.1_17	1	acb2
PV446635.1_ardb_klca_acric11_1	Anti_RM	ardb_klca_acric11	Antidefense	PV446635.1_76	PV446635.1_76	PV446635.1_76	1	klca
PV464116_NARP1_1	NADP	NARP1	Antidefense	PV464116_140	PV464116_142	PV464116_140,PV464116_142	2	narp1_adps,narp1_namat
PV469300_NARP1_1	NADP	NARP1	Antidefense	PV469300_138	PV469300_140	PV469300_138,PV469300_140	2	narp1_adps,narp1_namat
PV472050_acb1_1	Anti_CBASS	acb1	Antidefense	PV472050_119	PV472050_119	PV472050_119	1	acb1
PV565008_tad1_1	Anti_Thoeris	tad1	Antidefense	PV565008_173	PV565008_173	PV565008_173	1	tad1
PV574404_NARP1_1	NADP	NARP1	Antidefense	PV574404_142	PV574404_144	PV574404_142,PV574404_144	2	narp1_adps,narp1_namat
PV574405_NARP1_1	NADP	NARP1	Antidefense	PV574405_142	PV574405_144	PV574405_142,PV574405_144	2	narp1_adps,narp1_namat
PV574406_NARP1_1	NADP	NARP1	Antidefense	PV574406_142	PV574406_144	PV574406_142,PV574406_144	2	narp1_adps,narp1_namat
PV654520_adfa_3	Anti_DarTG	adfa	Antidefense	PV654520_101	PV654520_101	PV654520_101	1	adfa
PV654520_tifa_5	Anti_TA	tifa	Antidefense	PV654520_103	PV654520_103	PV654520_103	1	tifa
PV654520_dmd_4	Anti_TA	dmd	Antidefense	PV654520_104	PV654520_104	PV654520_104	1	dmd
PV654520_acb2_2	Anti_CBASS	acb2	Antidefense	PV654520_179	PV654520_179	PV654520_179	1	acb2
PV654520_acb1_1	Anti_CBASS	acb1	Antidefense	PV654520_201	PV654520_201	PV654520_201	1	acb1
PV714129.1_alt_4	Anti_TA	alt	Antidefense	PV714129.1_31	PV714129.1_31	PV714129.1_31	1	alt
PV714129.1_adfa_3	Anti_DarTG	adfa	Antidefense	PV714129.1_132	PV714129.1_132	PV714129.1_132	1	adfa
PV714129.1_dmd_5	Anti_TA	dmd	Antidefense	PV714129.1_137	PV714129.1_137	PV714129.1_137	1	dmd
PV714129.1_acb2_2	Anti_CBASS	acb2	Antidefense	PV714129.1_214	PV714129.1_214	PV714129.1_214	1	acb2
PV714129.1_ipi_6	Anti_RM	ipi	Antidefense	PV714129.1_248	PV714129.1_248	PV714129.1_248	1	ipi
PV714129.1_acb1_1	Anti_CBASS	acb1	Antidefense	PV714129.1_249	PV714129.1_249	PV714129.1_249	1	acb1
PV752213.1_NARP1_1	NADP	NARP1	Antidefense	PV752213.1_141	PV752213.1_143	PV752213.1_141,PV752213.1_143	2	narp1_adps,narp1_namat
PV754031_tad1_1	Anti_Thoeris	tad1	Antidefense	PV754031_181	PV754031_181	PV754031_181	1	tad1
PV759139.1_acrif2_c2_2	Anti_CRISPR	acrif2_c2	Antidefense	PV759139.1_5	PV759139.1_7	PV759139.1_5,PV759139.1_7	2	aca1,acrif2_c2
PV764647.1_NARP1_1	NADP	NARP1	Antidefense	PV764647.1_144	PV764647.1_146	PV764647.1_144,PV764647.1_146	2	narp1_adps,narp1_namat
PV800129_NARP1_1	NADP	NARP1	Antidefense	PV800129_145	PV800129_147	PV800129_145,PV800129_147	2	narp1_adps,narp1_namat
PV844354.2_ardb_klca_acric11_1	Anti_RM	ardb_klca_acric11	Antidefense	PV844354.2_79	PV844354.2_79	PV844354.2_79	1	klca
PV844380.1_NARP1_1	NADP	NARP1	Antidefense	PV844380.1_141	PV844380.1_143	PV844380.1_141,PV844380.1_143	2	narp1_adps,narp1_namat
PV845595_acb2_1	Anti_CBASS	acb2	Antidefense	PV845595_17	PV845595_17	PV845595_17	1	acb2
PV976809.1_tad1_1	Anti_Thoeris	tad1	Antidefense	PV976809.1_180	PV976809.1_180	PV976809.1_180	1	tad1
PX283077.1_NARP1_1	NADP	NARP1	Antidefense	PX283077.1_133	PX283077.1_135	PX283077.1_133,PX283077.1_135	2	narp1_adps,narp1_namat
PX283079.1_NARP1_1	NADP	NARP1	Antidefense	PX283079.1_132	PX283079.1_134	PX283079.1_132,PX283079.1_134	2	narp1_adps,narp1_namat
PX283080.1_NARP1_1	NADP	NARP1	Antidefense	PX283080.1_132	PX283080.1_134	PX283080.1_132,PX283080.1_134	2	narp1_adps,narp1_namat
PX283082.1_NARP1_1	NADP	NARP1	Antidefense	PX283082.1_133	PX283082.1_135	PX283082.1_133,PX283082.1_135	2	narp1_adps,narp1_namat
PX283088.1_acrie3_2	Anti_CRISPR	acrie3	Antidefense	PX283088.1_5	PX283088.1_7	PX283088.1_5,PX283088.1_7	2	aca1,acrie3
PX283088.1_acrif4_3	Anti_CRISPR	acrif4	Antidefense	PX283088.1_6	PX283088.1_7	PX283088.1_6,PX283088.1_7	2	aca1,acrif4
PX283097.1_Adnd_p0020_p0021_1	Anti_Dnd	Adnd_p0020_p0021	Antidefense	PX283097.1_13	PX283097.1_13	PX283097.1_13	1	adnd_p0020
PX395730.1_acb2_1	Anti_CBASS	acb2	Antidefense	PX395730.1_17	PX395730.1_17	PX395730.1_17	1	acb2
PX418925.1_tad1_1	Anti_Thoeris	tad1	Antidefense	PX418925.1_182	PX418925.1_182	PX418925.1_182	1	tad1
PX433293.1_acb2_1	Anti_CBASS	acb2	Antidefense	PX433293.1_17	PX433293.1_17	PX433293.1_17	1	acb2
PX514239.1_NARP1_1	NADP	NARP1	Antidefense	PX514239.1_144	PX514239.1_146	PX514239.1_144,PX514239.1_146	2	narp1_adps,narp1_namat
PX583109.1_tad1_1	Anti_Thoeris	tad1	Antidefense	PX583109.1_183	PX583109.1_183	PX583109.1_183	1	tad1
PX583559.1_ardb_klca_acric11_1	Anti_RM	ardb_klca_acric11	Antidefense	PX583559.1_77	PX583559.1_77	PX583559.1_77	1	klca
PX585177.1_tad1_1	Anti_Thoeris	tad1	Antidefense	PX585177.1_178	PX585177.1_178	PX585177.1_178	1	tad1
PX670425.1_ardb_klca_acric11_1	Anti_RM	ardb_klca_acric11	Antidefense	PX670425.1_76	PX670425.1_76	PX670425.1_76	1	klca
PX673862.1_NARP1_1	NADP	NARP1	Antidefense	PX673862.1_545	PX673862.1_546	PX673862.1_545,PX673862.1_546	2	narp1_adps,narp1_namat
PX677422.1_acrie3_2	Anti_CRISPR	acrie3	Antidefense	PX677422.1_24	PX677422.1_25	PX677422.1_24,PX677422.1_25	2	aca1,acrie3
PX725670.1_NARP1_1	NADP	NARP1	Antidefense	PX725670.1_141	PX725670.1_143	PX725670.1_141,PX725670.1_143	2	narp1_adps,narp1_namat
PX789324.1_ardb_klca_acric11_1	Anti_RM	ardb_klca_acric11	Antidefense	PX789324.1_75	PX789324.1_75	PX789324.1_75	1	klca
PX852245.1_vcrx091_093_1	Anti_CRISPR	vcrx091_093	Antidefense	PX852245.1_44	PX852245.1_46	PX852245.1_44,PX852245.1_46	2	vcrx091,vcrx093
PX866597.1_tad1_2	Anti_Thoeris	tad1	Antidefense	PX866597.1_164	PX866597.1_164	PX866597.1_164	1	tad1
PX866597.1_apyc1_1	Anti_Pycsar	apyc1	Antidefense	PX866597.1_176	PX866597.1_176	PX866597.1_176	1	apyc1
PX866601.1_had1_2	Anti_Hachiman	had1	Antidefense	PX866601.1_87	PX866601.1_87	PX866601.1_87	1	had1
PX866601.1_tad1_3	Anti_Thoeris	tad1	Antidefense	PX866601.1_171	PX866601.1_171	PX866601.1_171	1	tad1
PX866601.1_apyc1_1	Anti_Pycsar	apyc1	Antidefense	PX866601.1_182	PX866601.1_182	PX866601.1_182	1	apyc1
PX884079.1_tad1_1	Anti_Thoeris	tad1	Antidefense	PX884079.1_181	PX884079.1_181	PX884079.1_181	1	tad1
PX963123.1_acb1_2	Anti_CBASS	acb1	Antidefense	PX963123.1_2	PX963123.1_2	PX963123.1_2	1	acb1
PX963123.1_acrif23_3	Anti_CRISPR	acrif23	Antidefense	PX963123.1_23	PX963123.1_27	PX963123.1_23,PX963123.1_27	2	aca1,acrif23
PX963123.1_acrif23_3	Anti_CRISPR	acrif23	Antidefense	PX963123.1_23	PX963123.1_27	PX963123.1_23,PX963123.1_27	2	aca1,acrif23
PX963123.1_acrif24_4	Anti_CRISPR	acrif24	Antidefense	PX963123.1_23	PX963123.1_26	PX963123.1_23,PX963123.1_26	2	aca1,acrif24
PX963123.1_acrif24_4	Anti_CRISPR	acrif24	Antidefense	PX963123.1_23	PX963123.1_26	PX963123.1_23,PX963123.1_26	2	aca1,acrif24
PZ005745.1_tad1_1	Anti_Thoeris	tad1	Antidefense	PZ005745.1_177	PZ005745.1_177	PZ005745.1_177	1	tad1
PZ122515.1_acrie3_2	Anti_CRISPR	acrie3	Antidefense	PZ122515.1_5	PZ122515.1_7	PZ122515.1_5,PZ122515.1_7	2	aca1,acrie3
PZ122515.1_acrif4_3	Anti_CRISPR	acrif4	Antidefense	PZ122515.1_6	PZ122515.1_7	PZ122515.1_6,PZ122515.1_7	2	aca1,acrif4
PZ122515.1_mom_4	Anti_RM	mom	Antidefense	PZ122515.1_29	PZ122515.1_29	PZ122515.1_29	1	mom
PZ122516.1_NARP1_1	NADP	NARP1	Antidefense	PZ122516.1_140	PZ122516.1_142	PZ122516.1_140,PZ122516.1_142	2	narp1_adps,narp1_namat
