sys_id	accession	replicon	type	subtype	sys_nt_begin	sys_nt_end	genome_length	norm_mid
GCA_009497675.1_ASM949767v1_genomic_all_plasmids.part_CP024631.1_acrif3_2	GCA_009497675.1_ASM949767v1_genomic_all_plasmids.part_CP024631.1	CP024631.1	Anti_CRISPR	acrif3	10363	11221	46519	0.23199122939014166
GCA_009497675.1_ASM949767v1_genomic_all_plasmids.part_CP024631.1_acrif5_3	GCA_009497675.1_ASM949767v1_genomic_all_plasmids.part_CP024631.1	CP024631.1	Anti_CRISPR	acrif5	10782	11221	46519	0.23649476557965562
GCA_009497675.1_ASM949767v1_genomic_all_plasmids.part_CP024631.1_ardk_4	GCA_009497675.1_ASM949767v1_genomic_all_plasmids.part_CP024631.1	CP024631.1	Anti_RM	ardk	5447	5737	46519	0.12020894688191922
GCA_011045375.1_ASM1104537v1_genomic_all_plasmids.part_CP049162.1_acrie1_2	GCA_011045375.1_ASM1104537v1_genomic_all_plasmids.part_CP049162.1	CP049162.1	Anti_CRISPR	acrie1	4841	6031	50128	0.10844238748803064
GCA_011045375.1_ASM1104537v1_genomic_all_plasmids.part_CP049162.1_acrif3_3	GCA_011045375.1_ASM1104537v1_genomic_all_plasmids.part_CP049162.1	CP049162.1	Anti_CRISPR	acrif3	5166	6031	50128	0.11168408873284393
GCA_011045375.1_ASM1104537v1_genomic_all_plasmids.part_CP049162.1_acrif5_4	GCA_011045375.1_ASM1104537v1_genomic_all_plasmids.part_CP049162.1	CP049162.1	Anti_CRISPR	acrif5	5592	6031	50128	0.11593321097989148
GCA_011045375.1_ASM1104537v1_genomic_all_plasmids.part_CP049162.1_ardk_5	GCA_011045375.1_ASM1104537v1_genomic_all_plasmids.part_CP049162.1	CP049162.1	Anti_RM	ardk	11072	11491	50128	0.22505386211299075
GCA_014792125.1_ASM1479212v1_genomic_all_plasmids.part_CP061851.1_acrif3_2	GCA_014792125.1_ASM1479212v1_genomic_all_plasmids.part_CP061851.1	CP061851.1	Anti_CRISPR	acrif3	23225	24083	29400	0.8045578231292517
GCA_014792125.1_ASM1479212v1_genomic_all_plasmids.part_CP061851.1_acrif5_3	GCA_014792125.1_ASM1479212v1_genomic_all_plasmids.part_CP061851.1	CP061851.1	Anti_CRISPR	acrif5	23225	23664	29400	0.7974319727891156
GCA_015832055.1_ASM1583205v1_genomic_all_plasmids.part_CP065414.1_acrie1_2	GCA_015832055.1_ASM1583205v1_genomic_all_plasmids.part_CP065414.1	CP065414.1	Anti_CRISPR	acrie1	6877	8076	48110	0.1554042818540844
GCA_015832055.1_ASM1583205v1_genomic_all_plasmids.part_CP065414.1_acrif3_3	GCA_015832055.1_ASM1583205v1_genomic_all_plasmids.part_CP065414.1	CP065414.1	Anti_CRISPR	acrif3	7202	8076	48110	0.15878195801288714
GCA_015832055.1_ASM1583205v1_genomic_all_plasmids.part_CP065414.1_acrif5_4	GCA_015832055.1_ASM1583205v1_genomic_all_plasmids.part_CP065414.1	CP065414.1	Anti_CRISPR	acrif5	7637	8076	48110	0.16330284764082312
GCA_015832055.1_ASM1583205v1_genomic_all_plasmids.part_CP065414.1_ardk_6	GCA_015832055.1_ASM1583205v1_genomic_all_plasmids.part_CP065414.1	CP065414.1	Anti_RM	ardk	11370	11678	48110	0.2395344003325712
GCA_015832075.1_ASM1583207v1_genomic_all_plasmids.part_CP065418.1_acrif3_2	GCA_015832075.1_ASM1583207v1_genomic_all_plasmids.part_CP065418.1	CP065418.1	Anti_CRISPR	acrif3	31126	31984	40872	0.7720444313955764
GCA_015832075.1_ASM1583207v1_genomic_all_plasmids.part_CP065418.1_acrif5_3	GCA_015832075.1_ASM1583207v1_genomic_all_plasmids.part_CP065418.1	CP065418.1	Anti_CRISPR	acrif5	31126	31565	40872	0.7669186729301233
GCA_019379355.1_ASM1937935v1_genomic_all_plasmids.part_CP080012.1_acrif3_2	GCA_019379355.1_ASM1937935v1_genomic_all_plasmids.part_CP080012.1	CP080012.1	Anti_CRISPR	acrif3	30658	31516	41099	0.7563930995887977
GCA_019379355.1_ASM1937935v1_genomic_all_plasmids.part_CP080012.1_acrif5_3	GCA_019379355.1_ASM1937935v1_genomic_all_plasmids.part_CP080012.1	CP080012.1	Anti_CRISPR	acrif5	30658	31097	41099	0.7512956519623348
GCA_019434235.1_ASM1943423v1_genomic_all_plasmids.part_CP080290.1_acrif3_2	GCA_019434235.1_ASM1943423v1_genomic_all_plasmids.part_CP080290.1	CP080290.1	Anti_CRISPR	acrif3	32127	32985	41873	0.7774938504525589
GCA_019434235.1_ASM1943423v1_genomic_all_plasmids.part_CP080290.1_acrif5_3	GCA_019434235.1_ASM1943423v1_genomic_all_plasmids.part_CP080290.1	CP080290.1	Anti_CRISPR	acrif5	32127	32566	41873	0.7724906264179782
GCA_019710495.1_ASM1971049v1_genomic_all_plasmids.part_CP081204.1_acrie2_2	GCA_019710495.1_ASM1971049v1_genomic_all_plasmids.part_CP081204.1	CP081204.1	Anti_CRISPR	acrie2	13440	14606	51181	0.2739883941306344
GCA_019710495.1_ASM1971049v1_genomic_all_plasmids.part_CP081204.1_acrif3_3	GCA_019710495.1_ASM1971049v1_genomic_all_plasmids.part_CP081204.1	CP081204.1	Anti_CRISPR	acrif3	13751	14606	51181	0.2770266309763389
GCA_019710495.1_ASM1971049v1_genomic_all_plasmids.part_CP081204.1_acrif5_4	GCA_019710495.1_ASM1971049v1_genomic_all_plasmids.part_CP081204.1	CP081204.1	Anti_CRISPR	acrif5	14167	14606	51181	0.2810906391043551
GCA_019710495.1_ASM1971049v1_genomic_all_plasmids.part_CP081204.1_ardk_5	GCA_019710495.1_ASM1971049v1_genomic_all_plasmids.part_CP081204.1	CP081204.1	Anti_RM	ardk	10801	11091	51181	0.21386842773685547
GCA_019711215.1_ASM1971121v1_genomic_all_plasmids.part_CP081288.1_acrie2_2	GCA_019711215.1_ASM1971121v1_genomic_all_plasmids.part_CP081288.1	CP081288.1	Anti_CRISPR	acrie2	11747	12920	50354	0.2449358541525996
GCA_019711215.1_ASM1971121v1_genomic_all_plasmids.part_CP081288.1_acrif3_3	GCA_019711215.1_ASM1971121v1_genomic_all_plasmids.part_CP081288.1	CP081288.1	Anti_CRISPR	acrif3	12065	12920	50354	0.24809349803391983
GCA_019711215.1_ASM1971121v1_genomic_all_plasmids.part_CP081288.1_acrif5_4	GCA_019711215.1_ASM1971121v1_genomic_all_plasmids.part_CP081288.1	CP081288.1	Anti_CRISPR	acrif5	12481	12920	50354	0.25222425229376016
GCA_019711215.1_ASM1971121v1_genomic_all_plasmids.part_CP081288.1_ardk_5	GCA_019711215.1_ASM1971121v1_genomic_all_plasmids.part_CP081288.1	CP081288.1	Anti_RM	ardk	6614	6904	50354	0.13422965404933074
GCA_019720855.1_ASM1972085v1_genomic_all_plasmids.part_CP081347.1_ardk_1	GCA_019720855.1_ASM1972085v1_genomic_all_plasmids.part_CP081347.1	CP081347.1	Anti_RM	ardk	7189	7608	53858	0.1373704927773033
GCA_019738995.2_ASM1973899v2_genomic_all_plasmids.part_CP081479.1_acrie2_2	GCA_019738995.2_ASM1973899v2_genomic_all_plasmids.part_CP081479.1	CP081479.1	Anti_CRISPR	acrie2	14416	15582	50828	0.29509325568584244
GCA_019738995.2_ASM1973899v2_genomic_all_plasmids.part_CP081479.1_acrif3_3	GCA_019738995.2_ASM1973899v2_genomic_all_plasmids.part_CP081479.1	CP081479.1	Anti_CRISPR	acrif3	14727	15582	50828	0.29815259305894387
GCA_019738995.2_ASM1973899v2_genomic_all_plasmids.part_CP081479.1_acrif5_4	GCA_019738995.2_ASM1973899v2_genomic_all_plasmids.part_CP081479.1	CP081479.1	Anti_CRISPR	acrif5	15143	15582	50828	0.3022448256866294
GCA_019738995.2_ASM1973899v2_genomic_all_plasmids.part_CP081479.1_ardk_5	GCA_019738995.2_ASM1973899v2_genomic_all_plasmids.part_CP081479.1	CP081479.1	Anti_RM	ardk	11777	12067	50828	0.23455575666955222
GCA_019857265.1_ASM1985726v1_genomic_all_plasmids.part_CP064394.1_acrif3_2	GCA_019857265.1_ASM1985726v1_genomic_all_plasmids.part_CP064394.1	CP064394.1	Anti_CRISPR	acrif3	8296	9154	29240	0.29839261285909713
GCA_019857265.1_ASM1985726v1_genomic_all_plasmids.part_CP064394.1_acrif5_3	GCA_019857265.1_ASM1985726v1_genomic_all_plasmids.part_CP064394.1	CP064394.1	Anti_CRISPR	acrif5	8715	9154	29240	0.3055574555403557
GCA_019857285.1_ASM1985728v1_genomic_all_plasmids.part_CP064398.1_acrif3_2	GCA_019857285.1_ASM1985728v1_genomic_all_plasmids.part_CP064398.1	CP064398.1	Anti_CRISPR	acrif3	24136	24994	49323	0.4980435091133954
GCA_019857285.1_ASM1985728v1_genomic_all_plasmids.part_CP064398.1_acrif5_3	GCA_019857285.1_ASM1985728v1_genomic_all_plasmids.part_CP064398.1	CP064398.1	Anti_CRISPR	acrif5	24555	24994	49323	0.5022910204164386
GCA_019857305.1_ASM1985730v1_genomic_all_plasmids.part_CP064396.1_acrif3_2	GCA_019857305.1_ASM1985730v1_genomic_all_plasmids.part_CP064396.1	CP064396.1	Anti_CRISPR	acrif3	33983	34841	44424	0.774626328110931
GCA_019857305.1_ASM1985730v1_genomic_all_plasmids.part_CP064396.1_acrif5_3	GCA_019857305.1_ASM1985730v1_genomic_all_plasmids.part_CP064396.1	CP064396.1	Anti_CRISPR	acrif5	33983	34422	44424	0.7699104087880425
GCA_019857405.1_ASM1985740v1_genomic_all_plasmids.part_CP077973.1_acrie1_2	GCA_019857405.1_ASM1985740v1_genomic_all_plasmids.part_CP077973.1	CP077973.1	Anti_CRISPR	acrie1	6840	8039	53592	0.13881736080011942
GCA_019857405.1_ASM1985740v1_genomic_all_plasmids.part_CP077973.1_acrif3_3	GCA_019857405.1_ASM1985740v1_genomic_all_plasmids.part_CP077973.1	CP077973.1	Anti_CRISPR	acrif3	7165	8039	53592	0.14184952978056425
GCA_019857405.1_ASM1985740v1_genomic_all_plasmids.part_CP077973.1_acrif5_4	GCA_019857405.1_ASM1985740v1_genomic_all_plasmids.part_CP077973.1	CP077973.1	Anti_CRISPR	acrif5	7600	8039	53592	0.14590797133900582
GCA_019857405.1_ASM1985740v1_genomic_all_plasmids.part_CP077973.1_ardk_5	GCA_019857405.1_ASM1985740v1_genomic_all_plasmids.part_CP077973.1	CP077973.1	Anti_RM	ardk	11222	11641	53592	0.21330609046126286
GCA_019857405.1_ASM1985740v1_genomic_all_plasmids.part_CP077974.1_acrif3_2	GCA_019857405.1_ASM1985740v1_genomic_all_plasmids.part_CP077974.1	CP077974.1	Anti_CRISPR	acrif3	10670	11528	51967	0.21357784748013162
GCA_019857405.1_ASM1985740v1_genomic_all_plasmids.part_CP077974.1_acrif5_3	GCA_019857405.1_ASM1985740v1_genomic_all_plasmids.part_CP077974.1	CP077974.1	Anti_CRISPR	acrif5	11089	11528	51967	0.21760925202532377
GCA_019857425.1_ASM1985742v1_genomic_all_plasmids.part_CP077979.1_acrie1_2	GCA_019857425.1_ASM1985742v1_genomic_all_plasmids.part_CP077979.1	CP077979.1	Anti_CRISPR	acrie1	5851	7041	49797	0.12944554892865032
GCA_019857425.1_ASM1985742v1_genomic_all_plasmids.part_CP077979.1_acrif3_3	GCA_019857425.1_ASM1985742v1_genomic_all_plasmids.part_CP077979.1	CP077979.1	Anti_CRISPR	acrif3	6176	7041	49797	0.1327087977187381
GCA_019857425.1_ASM1985742v1_genomic_all_plasmids.part_CP077979.1_acrif5_4	GCA_019857425.1_ASM1985742v1_genomic_all_plasmids.part_CP077979.1	CP077979.1	Anti_CRISPR	acrif5	6602	7041	49797	0.13698616382513004
GCA_019857425.1_ASM1985742v1_genomic_all_plasmids.part_CP077979.1_ardk_5	GCA_019857425.1_ASM1985742v1_genomic_all_plasmids.part_CP077979.1	CP077979.1	Anti_RM	ardk	11863	12282	49797	0.24243428318975038
GCA_019857445.1_ASM1985744v1_genomic_all_plasmids.part_CP077982.1_acrif3_2	GCA_019857445.1_ASM1985744v1_genomic_all_plasmids.part_CP077982.1	CP077982.1	Anti_CRISPR	acrif3	10670	11528	52043	0.21326595315412256
GCA_019857445.1_ASM1985744v1_genomic_all_plasmids.part_CP077982.1_acrif5_3	GCA_019857445.1_ASM1985744v1_genomic_all_plasmids.part_CP077982.1	CP077982.1	Anti_CRISPR	acrif5	11089	11528	52043	0.21729147051476663
GCA_019857465.1_ASM1985746v1_genomic_all_plasmids.part_CP077986.1_acrif3_2	GCA_019857465.1_ASM1985746v1_genomic_all_plasmids.part_CP077986.1	CP077986.1	Anti_CRISPR	acrif3	10670	11528	51967	0.21357784748013162
GCA_019857465.1_ASM1985746v1_genomic_all_plasmids.part_CP077986.1_acrif5_3	GCA_019857465.1_ASM1985746v1_genomic_all_plasmids.part_CP077986.1	CP077986.1	Anti_CRISPR	acrif5	11089	11528	51967	0.21760925202532377
GCA_019857485.1_ASM1985748v1_genomic_all_plasmids.part_CP077989.1_acrie1_2	GCA_019857485.1_ASM1985748v1_genomic_all_plasmids.part_CP077989.1	CP077989.1	Anti_CRISPR	acrie1	6855	8054	53490	0.1393624976631146
GCA_019857485.1_ASM1985748v1_genomic_all_plasmids.part_CP077989.1_acrif3_3	GCA_019857485.1_ASM1985748v1_genomic_all_plasmids.part_CP077989.1	CP077989.1	Anti_CRISPR	acrif3	7180	8054	53490	0.14240044868199664
GCA_019857485.1_ASM1985748v1_genomic_all_plasmids.part_CP077989.1_acrif5_4	GCA_019857485.1_ASM1985748v1_genomic_all_plasmids.part_CP077989.1	CP077989.1	Anti_CRISPR	acrif5	7615	8054	53490	0.14646662927650028
GCA_019857485.1_ASM1985748v1_genomic_all_plasmids.part_CP077989.1_ardk_5	GCA_019857485.1_ASM1985748v1_genomic_all_plasmids.part_CP077989.1	CP077989.1	Anti_RM	ardk	11237	11656	53490	0.21399326977005048
GCA_019857485.1_ASM1985748v1_genomic_all_plasmids.part_CP077990.1_acrif3_2	GCA_019857485.1_ASM1985748v1_genomic_all_plasmids.part_CP077990.1	CP077990.1	Anti_CRISPR	acrif3	10670	11528	51967	0.21357784748013162
GCA_019857485.1_ASM1985748v1_genomic_all_plasmids.part_CP077990.1_acrif5_3	GCA_019857485.1_ASM1985748v1_genomic_all_plasmids.part_CP077990.1	CP077990.1	Anti_CRISPR	acrif5	11089	11528	51967	0.21760925202532377
GCA_019857505.1_ASM1985750v1_genomic_all_plasmids.part_CP077995.1_acrif3_2	GCA_019857505.1_ASM1985750v1_genomic_all_plasmids.part_CP077995.1	CP077995.1	Anti_CRISPR	acrif3	21885	22743	62801	0.355312813490231
GCA_019857505.1_ASM1985750v1_genomic_all_plasmids.part_CP077995.1_acrif5_3	GCA_019857505.1_ASM1985750v1_genomic_all_plasmids.part_CP077995.1	CP077995.1	Anti_CRISPR	acrif5	21885	22324	62801	0.35197687934905497
GCA_019857505.1_ASM1985750v1_genomic_all_plasmids.part_CP077996.1_acrie1_2	GCA_019857505.1_ASM1985750v1_genomic_all_plasmids.part_CP077996.1	CP077996.1	Anti_CRISPR	acrie1	6855	8054	52982	0.14069872786984258
GCA_019857505.1_ASM1985750v1_genomic_all_plasmids.part_CP077996.1_acrif3_3	GCA_019857505.1_ASM1985750v1_genomic_all_plasmids.part_CP077996.1	CP077996.1	Anti_CRISPR	acrif3	7180	8054	52982	0.14376580725529425
GCA_019857505.1_ASM1985750v1_genomic_all_plasmids.part_CP077996.1_acrif5_4	GCA_019857505.1_ASM1985750v1_genomic_all_plasmids.part_CP077996.1	CP077996.1	Anti_CRISPR	acrif5	7615	8054	52982	0.14787097504812954
GCA_019857505.1_ASM1985750v1_genomic_all_plasmids.part_CP077996.1_ardk_5	GCA_019857505.1_ASM1985750v1_genomic_all_plasmids.part_CP077996.1	CP077996.1	Anti_RM	ardk	11348	11656	52982	0.21709259748593862
GCA_019857545.1_ASM1985754v1_genomic_all_plasmids.part_CP078000.1_acrie1_1	GCA_019857545.1_ASM1985754v1_genomic_all_plasmids.part_CP078000.1	CP078000.1	Anti_CRISPR	acrie1	60924	61226	106677	0.5725226618671316
GCA_019857545.1_ASM1985754v1_genomic_all_plasmids.part_CP078000.1_acrif3_2	GCA_019857545.1_ASM1985754v1_genomic_all_plasmids.part_CP078000.1	CP078000.1	Anti_CRISPR	acrif3	60479	60901	106677	0.5689136364914649
GCA_019857545.1_ASM1985754v1_genomic_all_plasmids.part_CP078000.1_acrif3_3	GCA_019857545.1_ASM1985754v1_genomic_all_plasmids.part_CP078000.1	CP078000.1	Anti_CRISPR	acrif3	99192	99614	106677	0.9318128556296109
GCA_019857545.1_ASM1985754v1_genomic_all_plasmids.part_CP078000.1_acrif5_4	GCA_019857545.1_ASM1985754v1_genomic_all_plasmids.part_CP078000.1	CP078000.1	Anti_CRISPR	acrif5	60227	60466	106677	0.5656936359290193
GCA_019857545.1_ASM1985754v1_genomic_all_plasmids.part_CP078000.1_ardk_7	GCA_019857545.1_ASM1985754v1_genomic_all_plasmids.part_CP078000.1	CP078000.1	Anti_RM	ardk	56425	56733	106677	0.530376744752852
GCA_019857545.1_ASM1985754v1_genomic_all_plasmids.part_CP078000.1_ardk_8	GCA_019857545.1_ASM1985754v1_genomic_all_plasmids.part_CP078000.1	CP078000.1	Anti_RM	ardk	104338	104745	106677	0.9799816267799057
GCA_019857565.1_ASM1985756v1_genomic_all_plasmids.part_CP078003.1_acrif3_2	GCA_019857565.1_ASM1985756v1_genomic_all_plasmids.part_CP078003.1	CP078003.1	Anti_CRISPR	acrif3	42518	43376	58800	0.730391156462585
GCA_019857565.1_ASM1985756v1_genomic_all_plasmids.part_CP078003.1_acrif5_3	GCA_019857565.1_ASM1985756v1_genomic_all_plasmids.part_CP078003.1	CP078003.1	Anti_CRISPR	acrif5	42937	43376	58800	0.7339540816326531
GCA_019857585.1_ASM1985758v1_genomic_all_plasmids.part_CP078005.1_acrif3_2	GCA_019857585.1_ASM1985758v1_genomic_all_plasmids.part_CP078005.1	CP078005.1	Anti_CRISPR	acrif3	45892	46750	64629	0.7167215955685529
GCA_019857585.1_ASM1985758v1_genomic_all_plasmids.part_CP078005.1_acrif5_3	GCA_019857585.1_ASM1985758v1_genomic_all_plasmids.part_CP078005.1	CP078005.1	Anti_CRISPR	acrif5	46311	46750	64629	0.7199631744263412
GCA_019857585.1_ASM1985758v1_genomic_all_plasmids.part_CP078005.1_ardk_5	GCA_019857585.1_ASM1985758v1_genomic_all_plasmids.part_CP078005.1	CP078005.1	Anti_RM	ardk	7628	7918	64629	0.12027108573550574
GCA_019857585.1_ASM1985758v1_genomic_all_plasmids.part_CP078005.1_ardk_6	GCA_019857585.1_ASM1985758v1_genomic_all_plasmids.part_CP078005.1	CP078005.1	Anti_RM	ardk	62014	62304	64629	0.9617818626313265
GCA_020771755.1_ASM2077175v1_genomic_all_plasmids.part_CP086017.1_acrie1_2	GCA_020771755.1_ASM2077175v1_genomic_all_plasmids.part_CP086017.1	CP086017.1	Anti_CRISPR	acrie1	13627	14810	50542	0.2813204859324918
GCA_020771755.1_ASM2077175v1_genomic_all_plasmids.part_CP086017.1_acrif3_3	GCA_020771755.1_ASM2077175v1_genomic_all_plasmids.part_CP086017.1	CP086017.1	Anti_CRISPR	acrif3	13952	14810	50542	0.2845356337303629
GCA_020771755.1_ASM2077175v1_genomic_all_plasmids.part_CP086017.1_acrif5_4	GCA_020771755.1_ASM2077175v1_genomic_all_plasmids.part_CP086017.1	CP086017.1	Anti_CRISPR	acrif5	14371	14810	50542	0.2886807011990028
GCA_020771755.1_ASM2077175v1_genomic_all_plasmids.part_CP086017.1_ardk_5	GCA_020771755.1_ASM2077175v1_genomic_all_plasmids.part_CP086017.1	CP086017.1	Anti_RM	ardk	6412	6702	50542	0.12973368683471173
GCA_021166335.2_ASM2116633v2_genomic_all_plasmids.part_CP089066.2_acrif3_2	GCA_021166335.2_ASM2116633v2_genomic_all_plasmids.part_CP089066.2	CP089066.2	Anti_CRISPR	acrif3	12020	12882	47493	0.2621649506243025
GCA_021166335.2_ASM2116633v2_genomic_all_plasmids.part_CP089066.2_acrif5_3	GCA_021166335.2_ASM2116633v2_genomic_all_plasmids.part_CP089066.2	CP089066.2	Anti_CRISPR	acrif5	12443	12882	47493	0.2666182384772493
GCA_021166335.2_ASM2116633v2_genomic_all_plasmids.part_CP089066.2_ardk_4	GCA_021166335.2_ASM2116633v2_genomic_all_plasmids.part_CP089066.2	CP089066.2	Anti_RM	ardk	5375	5665	47493	0.11622765460173078
GCA_021184245.1_ASM2118424v1_genomic_all_plasmids.part_CP089237.1_acrif3_1	GCA_021184245.1_ASM2118424v1_genomic_all_plasmids.part_CP089237.1	CP089237.1	Anti_CRISPR	acrif3	3198	3620	46774	0.0728823705477402
GCA_021184245.1_ASM2118424v1_genomic_all_plasmids.part_CP089237.1_ardk_2	GCA_021184245.1_ASM2118424v1_genomic_all_plasmids.part_CP089237.1	CP089237.1	Anti_RM	ardk	6986	7294	46774	0.15264890751272076
GCA_021513295.1_ASM2151329v1_genomic_all_plasmids.part_CP068679.1_acrie2_2	GCA_021513295.1_ASM2151329v1_genomic_all_plasmids.part_CP068679.1	CP068679.1	Anti_CRISPR	acrie2	18169	19335	54431	0.34450956256544985
GCA_021513295.1_ASM2151329v1_genomic_all_plasmids.part_CP068679.1_acrif3_3	GCA_021513295.1_ASM2151329v1_genomic_all_plasmids.part_CP068679.1	CP068679.1	Anti_CRISPR	acrif3	18480	19335	54431	0.34736639047601553
GCA_021513295.1_ASM2151329v1_genomic_all_plasmids.part_CP068679.1_acrif5_4	GCA_021513295.1_ASM2151329v1_genomic_all_plasmids.part_CP068679.1	CP068679.1	Anti_CRISPR	acrif5	18896	19335	54431	0.3511877422792159
GCA_021513295.1_ASM2151329v1_genomic_all_plasmids.part_CP068679.1_ardk_5	GCA_021513295.1_ASM2151329v1_genomic_all_plasmids.part_CP068679.1	CP068679.1	Anti_RM	ardk	11219	11509	54431	0.20877808601715933
GCA_022649245.1_ASM2264924v1_genomic_all_plasmids.part_CP093359.1_acrie1_2	GCA_022649245.1_ASM2264924v1_genomic_all_plasmids.part_CP093359.1	CP093359.1	Anti_CRISPR	acrie1	11553	12529	47045	0.25594643426506536
GCA_022649245.1_ASM2264924v1_genomic_all_plasmids.part_CP093359.1_acrif3_3	GCA_022649245.1_ASM2264924v1_genomic_all_plasmids.part_CP093359.1	CP093359.1	Anti_CRISPR	acrif3	11878	12529	47045	0.25940057391858856
GCA_022649245.1_ASM2264924v1_genomic_all_plasmids.part_CP093359.1_ardk_4	GCA_022649245.1_ASM2264924v1_genomic_all_plasmids.part_CP093359.1	CP093359.1	Anti_RM	ardk	6195	6485	47045	0.1347645870974599
GCA_023066865.1_ASM2306686v1_genomic_all_plasmids.part_CP090651.1_acrie1_3	GCA_023066865.1_ASM2306686v1_genomic_all_plasmids.part_CP090651.1	CP090651.1	Anti_CRISPR	acrie1	4841	5729	47541	0.11116720304579206
GCA_023066865.1_ASM2306686v1_genomic_all_plasmids.part_CP090651.1_ardk_4	GCA_023066865.1_ASM2306686v1_genomic_all_plasmids.part_CP090651.1	CP090651.1	Anti_RM	ardk	8945	9364	47541	0.19256010601375656
GCA_024300845.1_ASM2430084v1_genomic_all_plasmids.part_CP094852.1_acrif3_2	GCA_024300845.1_ASM2430084v1_genomic_all_plasmids.part_CP094852.1	CP094852.1	Anti_CRISPR	acrif3	10745	11603	52040	0.2147194465795542
GCA_024300845.1_ASM2430084v1_genomic_all_plasmids.part_CP094852.1_acrif5_3	GCA_024300845.1_ASM2430084v1_genomic_all_plasmids.part_CP094852.1	CP094852.1	Anti_CRISPR	acrif5	11164	11603	52040	0.21874519600307457
GCA_024652945.3_ASM2465294v3_genomic_all_plasmids.part_CP104872.1_acrif3_2	GCA_024652945.3_ASM2465294v3_genomic_all_plasmids.part_CP104872.1	CP104872.1	Anti_CRISPR	acrif3	39577	40435	49323	0.8111023254870953
GCA_024652945.3_ASM2465294v3_genomic_all_plasmids.part_CP104872.1_acrif5_3	GCA_024652945.3_ASM2465294v3_genomic_all_plasmids.part_CP104872.1	CP104872.1	Anti_CRISPR	acrif5	39577	40016	49323	0.806854814184052
GCA_027594985.1_ASM2759498v1_genomic_all_plasmids.part_CP096911.1_acrie1_2	GCA_027594985.1_ASM2759498v1_genomic_all_plasmids.part_CP096911.1	CP096911.1	Anti_CRISPR	acrie1	11675	12874	58791	0.2087819564219013
GCA_027594985.1_ASM2759498v1_genomic_all_plasmids.part_CP096911.1_acrif3_3	GCA_027594985.1_ASM2759498v1_genomic_all_plasmids.part_CP096911.1	CP096911.1	Anti_CRISPR	acrif3	12000	12874	58791	0.21154598492966611
GCA_027594985.1_ASM2759498v1_genomic_all_plasmids.part_CP096911.1_acrif5_4	GCA_027594985.1_ASM2759498v1_genomic_all_plasmids.part_CP096911.1	CP096911.1	Anti_CRISPR	acrif5	12435	12874	58791	0.21524553077852052
GCA_027594985.1_ASM2759498v1_genomic_all_plasmids.part_CP096911.1_ardk_5	GCA_027594985.1_ASM2759498v1_genomic_all_plasmids.part_CP096911.1	CP096911.1	Anti_RM	ardk	16057	16476	58791	0.27668350597880625
GCA_028595865.2_ASM2859586v2_genomic_all_plasmids.part_CP118640.1_acrie2_2	GCA_028595865.2_ASM2859586v2_genomic_all_plasmids.part_CP118640.1	CP118640.1	Anti_CRISPR	acrie2	13431	14597	48681	0.2878741192662435
GCA_028595865.2_ASM2859586v2_genomic_all_plasmids.part_CP118640.1_acrif3_3	GCA_028595865.2_ASM2859586v2_genomic_all_plasmids.part_CP118640.1	CP118640.1	Anti_CRISPR	acrif3	13742	14597	48681	0.291068383969105
GCA_028595865.2_ASM2859586v2_genomic_all_plasmids.part_CP118640.1_acrif5_4	GCA_028595865.2_ASM2859586v2_genomic_all_plasmids.part_CP118640.1	CP118640.1	Anti_CRISPR	acrif5	14158	14597	48681	0.29534109816971715
GCA_028595865.2_ASM2859586v2_genomic_all_plasmids.part_CP118640.1_ardk_5	GCA_028595865.2_ASM2859586v2_genomic_all_plasmids.part_CP118640.1	CP118640.1	Anti_RM	ardk	5962	6474	48681	0.12772950432406893
GCA_028608605.1_ASM2860860v1_genomic_all_plasmids.part_CP075774.1_acrie6_2	GCA_028608605.1_ASM2860860v1_genomic_all_plasmids.part_CP075774.1	CP075774.1	Anti_CRISPR	acrie6	37454	37902	76528	0.492342671963203
GCA_028608605.1_ASM2860860v1_genomic_all_plasmids.part_CP075774.1_acrie7_3	GCA_028608605.1_ASM2860860v1_genomic_all_plasmids.part_CP075774.1	CP075774.1	Anti_CRISPR	acrie7	37132	37902	76528	0.49023886681998746
GCA_028608605.1_ASM2860860v1_genomic_all_plasmids.part_CP075774.1_acrif1_4	GCA_028608605.1_ASM2860860v1_genomic_all_plasmids.part_CP075774.1	CP075774.1	Anti_CRISPR	acrif1	36871	37902	76528	0.4885336086138407
GCA_028608605.1_ASM2860860v1_genomic_all_plasmids.part_CP075774.1_ardk_5	GCA_028608605.1_ASM2860860v1_genomic_all_plasmids.part_CP075774.1	CP075774.1	Anti_RM	ardk	32079	32369	76528	0.42107463934768974
GCA_029916825.1_ASM2991682v1_genomic_all_plasmids.part_CP123954.1_acrie1_2	GCA_029916825.1_ASM2991682v1_genomic_all_plasmids.part_CP123954.1	CP123954.1	Anti_CRISPR	acrie1	6855	8054	54119	0.13774275208337183
GCA_029916825.1_ASM2991682v1_genomic_all_plasmids.part_CP123954.1_acrif3_3	GCA_029916825.1_ASM2991682v1_genomic_all_plasmids.part_CP123954.1	CP123954.1	Anti_CRISPR	acrif3	7180	8054	54119	0.14074539440861805
GCA_029916825.1_ASM2991682v1_genomic_all_plasmids.part_CP123954.1_acrif5_4	GCA_029916825.1_ASM2991682v1_genomic_all_plasmids.part_CP123954.1	CP123954.1	Anti_CRISPR	acrif5	7615	8054	54119	0.14476431567471681
GCA_029916825.1_ASM2991682v1_genomic_all_plasmids.part_CP123954.1_ardk_5	GCA_029916825.1_ASM2991682v1_genomic_all_plasmids.part_CP123954.1	CP123954.1	Anti_RM	ardk	11237	11656	54119	0.2115061253903435
GCA_029961265.1_ASM2996126v1_genomic_all_plasmids.part_CP124625.1_ardc_1	GCA_029961265.1_ASM2996126v1_genomic_all_plasmids.part_CP124625.1	CP124625.1	Anti_RM	ardc	11449	15060	36822	0.3599614360979849
GCA_029961305.1_ASM2996130v1_genomic_all_plasmids.part_CP124639.1_ardc_1	GCA_029961305.1_ASM2996130v1_genomic_all_plasmids.part_CP124639.1	CP124639.1	Anti_RM	ardc	12690	16301	36822	0.39366411384498395
GCA_029961345.1_ASM2996134v1_genomic_all_plasmids.part_CP124642.1_ardc_1	GCA_029961345.1_ASM2996134v1_genomic_all_plasmids.part_CP124642.1	CP124642.1	Anti_RM	ardc	11449	15060	36822	0.3599614360979849
GCA_030034615.1_ASM3003461v1_genomic_all_plasmids.part_CP125362.1_acrif3_2	GCA_030034615.1_ASM3003461v1_genomic_all_plasmids.part_CP125362.1	CP125362.1	Anti_CRISPR	acrif3	13530	14388	38493	0.3626373626373626
GCA_030034615.1_ASM3003461v1_genomic_all_plasmids.part_CP125362.1_acrif5_3	GCA_030034615.1_ASM3003461v1_genomic_all_plasmids.part_CP125362.1	CP125362.1	Anti_CRISPR	acrif5	13949	14388	38493	0.36807991063310214
GCA_030034635.1_ASM3003463v1_genomic_all_plasmids.part_CP125364.1_acrif3_2	GCA_030034635.1_ASM3003463v1_genomic_all_plasmids.part_CP125364.1	CP125364.1	Anti_CRISPR	acrif3	12049	12907	34088	0.36605256981929124
GCA_030034635.1_ASM3003463v1_genomic_all_plasmids.part_CP125364.1_acrif5_3	GCA_030034635.1_ASM3003463v1_genomic_all_plasmids.part_CP125364.1	CP125364.1	Anti_CRISPR	acrif5	12468	12907	34088	0.3721984275991551
GCA_030034655.1_ASM3003465v1_genomic_all_plasmids.part_CP125366.1_acrif3_2	GCA_030034655.1_ASM3003465v1_genomic_all_plasmids.part_CP125366.1	CP125366.1	Anti_CRISPR	acrif3	12969	13827	33690	0.3976847729296527
GCA_030034655.1_ASM3003465v1_genomic_all_plasmids.part_CP125366.1_acrif5_3	GCA_030034655.1_ASM3003465v1_genomic_all_plasmids.part_CP125366.1	CP125366.1	Anti_CRISPR	acrif5	13388	13827	33690	0.4039032353814188
GCA_030034675.1_ASM3003467v1_genomic_all_plasmids.part_CP125368.1_acrif3_2	GCA_030034675.1_ASM3003467v1_genomic_all_plasmids.part_CP125368.1	CP125368.1	Anti_CRISPR	acrif3	11945	12803	33983	0.36412323808963304
GCA_030034675.1_ASM3003467v1_genomic_all_plasmids.part_CP125368.1_acrif5_3	GCA_030034675.1_ASM3003467v1_genomic_all_plasmids.part_CP125368.1	CP125368.1	Anti_CRISPR	acrif5	12364	12803	33983	0.37028808521908013
GCA_030121875.1_ASM3012187v1_genomic_all_plasmids.part_CP096931.1_acrie2_2	GCA_030121875.1_ASM3012187v1_genomic_all_plasmids.part_CP096931.1	CP096931.1	Anti_CRISPR	acrie2	11747	12920	50354	0.2449358541525996
GCA_030121875.1_ASM3012187v1_genomic_all_plasmids.part_CP096931.1_acrif3_3	GCA_030121875.1_ASM3012187v1_genomic_all_plasmids.part_CP096931.1	CP096931.1	Anti_CRISPR	acrif3	12065	12920	50354	0.24809349803391983
GCA_030121875.1_ASM3012187v1_genomic_all_plasmids.part_CP096931.1_acrif5_4	GCA_030121875.1_ASM3012187v1_genomic_all_plasmids.part_CP096931.1	CP096931.1	Anti_CRISPR	acrif5	12481	12920	50354	0.25222425229376016
GCA_030121875.1_ASM3012187v1_genomic_all_plasmids.part_CP096931.1_ardk_5	GCA_030121875.1_ASM3012187v1_genomic_all_plasmids.part_CP096931.1	CP096931.1	Anti_RM	ardk	6614	6904	50354	0.13422965404933074
GCA_030121895.1_ASM3012189v1_genomic_all_plasmids.part_CP096933.1_acrie2_2	GCA_030121895.1_ASM3012189v1_genomic_all_plasmids.part_CP096933.1	CP096933.1	Anti_CRISPR	acrie2	20009	21182	58616	0.3513631090487239
GCA_030121895.1_ASM3012189v1_genomic_all_plasmids.part_CP096933.1_acrif3_3	GCA_030121895.1_ASM3012189v1_genomic_all_plasmids.part_CP096933.1	CP096933.1	Anti_CRISPR	acrif3	20327	21182	58616	0.35407567899549613
GCA_030121895.1_ASM3012189v1_genomic_all_plasmids.part_CP096933.1_acrif5_4	GCA_030121895.1_ASM3012189v1_genomic_all_plasmids.part_CP096933.1	CP096933.1	Anti_CRISPR	acrif5	20743	21182	58616	0.3576241981711478
GCA_030121895.1_ASM3012189v1_genomic_all_plasmids.part_CP096933.1_ardk_5	GCA_030121895.1_ASM3012189v1_genomic_all_plasmids.part_CP096933.1	CP096933.1	Anti_RM	ardk	14876	15166	58616	0.2562610891224239
GCA_030121915.1_ASM3012191v1_genomic_all_plasmids.part_CP096936.1_acrie2_2	GCA_030121915.1_ASM3012191v1_genomic_all_plasmids.part_CP096936.1	CP096936.1	Anti_CRISPR	acrie2	20008	21181	58615	0.3513520429924081
GCA_030121915.1_ASM3012191v1_genomic_all_plasmids.part_CP096936.1_acrif3_3	GCA_030121915.1_ASM3012191v1_genomic_all_plasmids.part_CP096936.1	CP096936.1	Anti_CRISPR	acrif3	20326	21181	58615	0.354064659216924
GCA_030121915.1_ASM3012191v1_genomic_all_plasmids.part_CP096936.1_acrif5_4	GCA_030121915.1_ASM3012191v1_genomic_all_plasmids.part_CP096936.1	CP096936.1	Anti_CRISPR	acrif5	20742	21181	58615	0.35761323893201397
GCA_030121915.1_ASM3012191v1_genomic_all_plasmids.part_CP096936.1_ardk_5	GCA_030121915.1_ASM3012191v1_genomic_all_plasmids.part_CP096936.1	CP096936.1	Anti_RM	ardk	6614	6904	58615	0.11531178026102533
GCA_030122015.1_ASM3012201v1_genomic_all_plasmids.part_CP096948.1_acrie2_2	GCA_030122015.1_ASM3012201v1_genomic_all_plasmids.part_CP096948.1	CP096948.1	Anti_CRISPR	acrie2	11747	12920	50354	0.2449358541525996
GCA_030122015.1_ASM3012201v1_genomic_all_plasmids.part_CP096948.1_acrif3_3	GCA_030122015.1_ASM3012201v1_genomic_all_plasmids.part_CP096948.1	CP096948.1	Anti_CRISPR	acrif3	12065	12920	50354	0.24809349803391983
GCA_030122015.1_ASM3012201v1_genomic_all_plasmids.part_CP096948.1_acrif5_4	GCA_030122015.1_ASM3012201v1_genomic_all_plasmids.part_CP096948.1	CP096948.1	Anti_CRISPR	acrif5	12481	12920	50354	0.25222425229376016
GCA_030122015.1_ASM3012201v1_genomic_all_plasmids.part_CP096948.1_ardk_5	GCA_030122015.1_ASM3012201v1_genomic_all_plasmids.part_CP096948.1	CP096948.1	Anti_RM	ardk	6614	6904	50354	0.13422965404933074
GCA_030122035.1_ASM3012203v1_genomic_all_plasmids.part_CP096952.1_acrif3_1	GCA_030122035.1_ASM3012203v1_genomic_all_plasmids.part_CP096952.1	CP096952.1	Anti_CRISPR	acrif3	11396	11812	56515	0.20532601964080333
GCA_030122035.1_ASM3012203v1_genomic_all_plasmids.part_CP096952.1_ardk_2	GCA_030122035.1_ASM3012203v1_genomic_all_plasmids.part_CP096952.1	CP096952.1	Anti_RM	ardk	16674	16982	56515	0.2977616561974697
GCA_030122055.1_ASM3012205v1_genomic_all_plasmids.part_CP096954.1_acrie2_2	GCA_030122055.1_ASM3012205v1_genomic_all_plasmids.part_CP096954.1	CP096954.1	Anti_CRISPR	acrie2	20009	21182	58618	0.35135112081613157
GCA_030122055.1_ASM3012205v1_genomic_all_plasmids.part_CP096954.1_acrif3_3	GCA_030122055.1_ASM3012205v1_genomic_all_plasmids.part_CP096954.1	CP096954.1	Anti_CRISPR	acrif3	20327	21182	58618	0.3540635982121533
GCA_030122055.1_ASM3012205v1_genomic_all_plasmids.part_CP096954.1_acrif5_4	GCA_030122055.1_ASM3012205v1_genomic_all_plasmids.part_CP096954.1	CP096954.1	Anti_CRISPR	acrif5	20743	21182	58618	0.357611996315125
GCA_030122055.1_ASM3012205v1_genomic_all_plasmids.part_CP096954.1_ardk_5	GCA_030122055.1_ASM3012205v1_genomic_all_plasmids.part_CP096954.1	CP096954.1	Anti_RM	ardk	14876	15166	58618	0.25625234569586136
GCA_030505595.1_ASM3050559v1_genomic_all_plasmids.part_CP129996.1_acrif1_1	GCA_030505595.1_ASM3050559v1_genomic_all_plasmids.part_CP129996.1	CP129996.1	Anti_CRISPR	acrif1	13496	13732	51441	0.2646527089286756
GCA_030505595.1_ASM3050559v1_genomic_all_plasmids.part_CP129996.1_ardk_2	GCA_030505595.1_ASM3050559v1_genomic_all_plasmids.part_CP129996.1	CP129996.1	Anti_RM	ardk	5684	5974	51441	0.11331428238175774
GCA_030908425.1_ASM3090842v1_genomic_all_plasmids.part_CP133096.1_acrif3_1	GCA_030908425.1_ASM3090842v1_genomic_all_plasmids.part_CP133096.1	CP133096.1	Anti_CRISPR	acrif3	8798	9214	53917	0.16703451601535693
GCA_030908425.1_ASM3090842v1_genomic_all_plasmids.part_CP133096.1_ardk_2	GCA_030908425.1_ASM3090842v1_genomic_all_plasmids.part_CP133096.1	CP133096.1	Anti_RM	ardk	14076	14384	53917	0.2639241797577758
GCA_032463705.1_ASM3246370v1_genomic_all_plasmids.part_CP136015.1_acrif3_2	GCA_032463705.1_ASM3246370v1_genomic_all_plasmids.part_CP136015.1	CP136015.1	Anti_CRISPR	acrif3	30553	31411	40299	0.7688031961090845
GCA_032463705.1_ASM3246370v1_genomic_all_plasmids.part_CP136015.1_acrif5_3	GCA_032463705.1_ASM3246370v1_genomic_all_plasmids.part_CP136015.1	CP136015.1	Anti_CRISPR	acrif5	30553	30992	40299	0.7636045559443162
GCA_032843885.3_ASM3284388v3_genomic_all_plasmids.part_CP150133.1_acrie2_2	GCA_032843885.3_ASM3284388v3_genomic_all_plasmids.part_CP150133.1	CP150133.1	Anti_CRISPR	acrie2	16710	17876	54167	0.31925341997895396
GCA_032843885.3_ASM3284388v3_genomic_all_plasmids.part_CP150133.1_acrif3_3	GCA_032843885.3_ASM3284388v3_genomic_all_plasmids.part_CP150133.1	CP150133.1	Anti_CRISPR	acrif3	17021	17876	54167	0.3221241715435597
GCA_032843885.3_ASM3284388v3_genomic_all_plasmids.part_CP150133.1_acrif5_4	GCA_032843885.3_ASM3284388v3_genomic_all_plasmids.part_CP150133.1	CP150133.1	Anti_CRISPR	acrif5	17437	17876	54167	0.32596414791293593
GCA_033222185.1_ASM3322218v1_genomic_all_plasmids.part_CP137497.1_acrie2_2	GCA_033222185.1_ASM3322218v1_genomic_all_plasmids.part_CP137497.1	CP137497.1	Anti_CRISPR	acrie2	13653	14819	49005	0.29050096928884805
GCA_033222185.1_ASM3322218v1_genomic_all_plasmids.part_CP137497.1_acrif3_3	GCA_033222185.1_ASM3322218v1_genomic_all_plasmids.part_CP137497.1	CP137497.1	Anti_CRISPR	acrif3	13964	14819	49005	0.29367411488623607
GCA_033222185.1_ASM3322218v1_genomic_all_plasmids.part_CP137497.1_acrif5_4	GCA_033222185.1_ASM3322218v1_genomic_all_plasmids.part_CP137497.1	CP137497.1	Anti_CRISPR	acrif5	14380	14819	49005	0.29791857973676156
GCA_033222185.1_ASM3322218v1_genomic_all_plasmids.part_CP137497.1_ardk_5	GCA_033222185.1_ASM3322218v1_genomic_all_plasmids.part_CP137497.1	CP137497.1	Anti_RM	ardk	6703	6993	49005	0.1397408427711458
GCA_033224565.1_ASM3322456v1_genomic_all_plasmids.part_CP137501.1_acrie2_2	GCA_033224565.1_ASM3322456v1_genomic_all_plasmids.part_CP137501.1	CP137501.1	Anti_CRISPR	acrie2	13653	14819	49005	0.29050096928884805
GCA_033224565.1_ASM3322456v1_genomic_all_plasmids.part_CP137501.1_acrif3_3	GCA_033224565.1_ASM3322456v1_genomic_all_plasmids.part_CP137501.1	CP137501.1	Anti_CRISPR	acrif3	13964	14819	49005	0.29367411488623607
GCA_033224565.1_ASM3322456v1_genomic_all_plasmids.part_CP137501.1_acrif5_4	GCA_033224565.1_ASM3322456v1_genomic_all_plasmids.part_CP137501.1	CP137501.1	Anti_CRISPR	acrif5	14380	14819	49005	0.29791857973676156
GCA_033224565.1_ASM3322456v1_genomic_all_plasmids.part_CP137501.1_ardk_5	GCA_033224565.1_ASM3322456v1_genomic_all_plasmids.part_CP137501.1	CP137501.1	Anti_RM	ardk	6703	6993	49005	0.1397408427711458
GCA_033226745.1_ASM3322674v1_genomic_all_plasmids.part_CP137506.1_acrie2_3	GCA_033226745.1_ASM3322674v1_genomic_all_plasmids.part_CP137506.1	CP137506.1	Anti_CRISPR	acrie2	13650	14816	98255	0.1448577680525164
GCA_033226745.1_ASM3322674v1_genomic_all_plasmids.part_CP137506.1_acrie2_4	GCA_033226745.1_ASM3322674v1_genomic_all_plasmids.part_CP137506.1	CP137506.1	Anti_CRISPR	acrie2	62907	64073	98255	0.6461757671365325
GCA_033226745.1_ASM3322674v1_genomic_all_plasmids.part_CP137506.1_acrif3_5	GCA_033226745.1_ASM3322674v1_genomic_all_plasmids.part_CP137506.1	CP137506.1	Anti_CRISPR	acrif3	13961	14816	98255	0.14644038471324614
GCA_033226745.1_ASM3322674v1_genomic_all_plasmids.part_CP137506.1_acrif3_6	GCA_033226745.1_ASM3322674v1_genomic_all_plasmids.part_CP137506.1	CP137506.1	Anti_CRISPR	acrif3	63218	64073	98255	0.6477583837972622
GCA_033226745.1_ASM3322674v1_genomic_all_plasmids.part_CP137506.1_acrif5_7	GCA_033226745.1_ASM3322674v1_genomic_all_plasmids.part_CP137506.1	CP137506.1	Anti_CRISPR	acrif5	14377	14816	98255	0.14855732532695537
GCA_033226745.1_ASM3322674v1_genomic_all_plasmids.part_CP137506.1_acrif5_8	GCA_033226745.1_ASM3322674v1_genomic_all_plasmids.part_CP137506.1	CP137506.1	Anti_CRISPR	acrif5	63634	64073	98255	0.6498753244109714
GCA_033226745.1_ASM3322674v1_genomic_all_plasmids.part_CP137506.1_ardk_10	GCA_033226745.1_ASM3322674v1_genomic_all_plasmids.part_CP137506.1	CP137506.1	Anti_RM	ardk	55959	56249	98255	0.5710040201516462
GCA_033226745.1_ASM3322674v1_genomic_all_plasmids.part_CP137506.1_ardk_9	GCA_033226745.1_ASM3322674v1_genomic_all_plasmids.part_CP137506.1	CP137506.1	Anti_RM	ardk	6701	6991	98255	0.06967584346852577
GCA_033228545.1_ASM3322854v1_genomic_all_plasmids.part_CP137511.1_acrie2_2	GCA_033228545.1_ASM3322854v1_genomic_all_plasmids.part_CP137511.1	CP137511.1	Anti_CRISPR	acrie2	12689	13855	50150	0.26464606181455635
GCA_033228545.1_ASM3322854v1_genomic_all_plasmids.part_CP137511.1_acrif3_3	GCA_033228545.1_ASM3322854v1_genomic_all_plasmids.part_CP137511.1	CP137511.1	Anti_CRISPR	acrif3	13000	13855	50150	0.2677467597208375
GCA_033228545.1_ASM3322854v1_genomic_all_plasmids.part_CP137511.1_acrif5_4	GCA_033228545.1_ASM3322854v1_genomic_all_plasmids.part_CP137511.1	CP137511.1	Anti_CRISPR	acrif5	13416	13855	50150	0.2718943170488534
GCA_033228545.1_ASM3322854v1_genomic_all_plasmids.part_CP137511.1_ardk_5	GCA_033228545.1_ASM3322854v1_genomic_all_plasmids.part_CP137511.1	CP137511.1	Anti_RM	ardk	5739	6029	50150	0.11732801595214357
GCA_033232085.1_ASM3323208v1_genomic_all_plasmids.part_CP137523.1_acrie2_2	GCA_033232085.1_ASM3323208v1_genomic_all_plasmids.part_CP137523.1	CP137523.1	Anti_CRISPR	acrie2	12505	13671	49264	0.26567067229620006
GCA_033232085.1_ASM3323208v1_genomic_all_plasmids.part_CP137523.1_acrif3_3	GCA_033232085.1_ASM3323208v1_genomic_all_plasmids.part_CP137523.1	CP137523.1	Anti_CRISPR	acrif3	12816	13671	49264	0.26882713543358233
GCA_033232085.1_ASM3323208v1_genomic_all_plasmids.part_CP137523.1_acrif5_4	GCA_033232085.1_ASM3323208v1_genomic_all_plasmids.part_CP137523.1	CP137523.1	Anti_CRISPR	acrif5	13232	13671	49264	0.27304928548229945
GCA_033232085.1_ASM3323208v1_genomic_all_plasmids.part_CP137523.1_ardk_5	GCA_033232085.1_ASM3323208v1_genomic_all_plasmids.part_CP137523.1	CP137523.1	Anti_RM	ardk	5555	5845	49264	0.11570315037349789
GCA_036232105.1_ASM3623210v1_genomic_all_plasmids.part_CP115194.1_ardk_2	GCA_036232105.1_ASM3623210v1_genomic_all_plasmids.part_CP115194.1	CP115194.1	Anti_RM	ardk	6172	6588	51158	0.12471167754798858
GCA_036232665.1_ASM3623266v1_genomic_all_plasmids.part_CP115229.1_ardk_2	GCA_036232665.1_ASM3623266v1_genomic_all_plasmids.part_CP115229.1	CP115229.1	Anti_RM	ardk	7011	7427	46738	0.15445675895417005
GCA_036234315.1_ASM3623431v1_genomic_all_plasmids.part_CP115290.1_ardk_1	GCA_036234315.1_ASM3623431v1_genomic_all_plasmids.part_CP115290.1	CP115290.1	Anti_RM	ardk	5764	6054	46512	0.1270424836601307
GCA_037285345.1_ASM3728534v1_genomic_all_plasmids.part_CP147602.1_acrif3_2	GCA_037285345.1_ASM3728534v1_genomic_all_plasmids.part_CP147602.1	CP147602.1	Anti_CRISPR	acrif3	6719	7581	40871	0.17494066697658486
GCA_037285345.1_ASM3728534v1_genomic_all_plasmids.part_CP147602.1_acrif5_3	GCA_037285345.1_ASM3728534v1_genomic_all_plasmids.part_CP147602.1	CP147602.1	Anti_CRISPR	acrif5	7142	7581	40871	0.18011548530743068
GCA_038397815.1_ASM3839781v1_genomic_all_plasmids.part_CP151649.1_acrie1_2	GCA_038397815.1_ASM3839781v1_genomic_all_plasmids.part_CP151649.1	CP151649.1	Anti_CRISPR	acrie1	5403	6593	53629	0.11184247328870574
GCA_038397815.1_ASM3839781v1_genomic_all_plasmids.part_CP151649.1_acrif3_3	GCA_038397815.1_ASM3839781v1_genomic_all_plasmids.part_CP151649.1	CP151649.1	Anti_CRISPR	acrif3	5728	6593	53629	0.11487255029927837
GCA_038397815.1_ASM3839781v1_genomic_all_plasmids.part_CP151649.1_acrif5_4	GCA_038397815.1_ASM3839781v1_genomic_all_plasmids.part_CP151649.1	CP151649.1	Anti_CRISPR	acrif5	6154	6593	53629	0.1188442820115982
GCA_038397815.1_ASM3839781v1_genomic_all_plasmids.part_CP151649.1_ardk_5	GCA_038397815.1_ASM3839781v1_genomic_all_plasmids.part_CP151649.1	CP151649.1	Anti_RM	ardk	10968	11387	53629	0.20842268175800407
GCA_038432515.1_ASM3843251v1_genomic_all_plasmids.part_CP131789.1_acrie2_2	GCA_038432515.1_ASM3843251v1_genomic_all_plasmids.part_CP131789.1	CP131789.1	Anti_CRISPR	acrie2	12037	13203	47264	0.2670108327691266
GCA_038432515.1_ASM3843251v1_genomic_all_plasmids.part_CP131789.1_acrif3_3	GCA_038432515.1_ASM3843251v1_genomic_all_plasmids.part_CP131789.1	CP131789.1	Anti_CRISPR	acrif3	12348	13203	47264	0.27030086323628977
GCA_038432515.1_ASM3843251v1_genomic_all_plasmids.part_CP131789.1_acrif5_4	GCA_038432515.1_ASM3843251v1_genomic_all_plasmids.part_CP131789.1	CP131789.1	Anti_CRISPR	acrif5	12764	13203	47264	0.27470167569397425
GCA_038432515.1_ASM3843251v1_genomic_all_plasmids.part_CP131789.1_ardk_5	GCA_038432515.1_ASM3843251v1_genomic_all_plasmids.part_CP131789.1	CP131789.1	Anti_RM	ardk	6228	6518	47264	0.1348383547731889
GCA_039908075.1_UNIFI_Paer_26323_genomic_all_plasmids.part_CP150884.1_acrif3_2	GCA_039908075.1_UNIFI_Paer_26323_genomic_all_plasmids.part_CP150884.1	CP150884.1	Anti_CRISPR	acrif3	24672	25530	59272	0.42348832501012285
GCA_039908075.1_UNIFI_Paer_26323_genomic_all_plasmids.part_CP150884.1_acrif5_3	GCA_039908075.1_UNIFI_Paer_26323_genomic_all_plasmids.part_CP150884.1	CP150884.1	Anti_CRISPR	acrif5	25091	25530	59272	0.42702287758132
GCA_039908075.1_UNIFI_Paer_26323_genomic_all_plasmids.part_CP150884.1_ardk_4	GCA_039908075.1_UNIFI_Paer_26323_genomic_all_plasmids.part_CP150884.1	CP150884.1	Anti_RM	ardk	17851	18141	59272	0.3036172222972061
GCA_040268335.1_ASM4026833v1_genomic_all_plasmids.part_CP158572.1_acrif3_3	GCA_040268335.1_ASM4026833v1_genomic_all_plasmids.part_CP158572.1	CP158572.1	Anti_CRISPR	acrif3	54031	54889	95281	0.5715725065857831
GCA_040268335.1_ASM4026833v1_genomic_all_plasmids.part_CP158572.1_acrif5_4	GCA_040268335.1_ASM4026833v1_genomic_all_plasmids.part_CP158572.1	CP158572.1	Anti_CRISPR	acrif5	54450	54889	95281	0.5737712660446469
GCA_040268335.1_ASM4026833v1_genomic_all_plasmids.part_CP158572.1_ardk_5	GCA_040268335.1_ASM4026833v1_genomic_all_plasmids.part_CP158572.1	CP158572.1	Anti_RM	ardk	49017	49307	95281	0.5159685561654475
GCA_040268335.1_ASM4026833v1_genomic_all_plasmids.part_CP158573.1_acrie1_2	GCA_040268335.1_ASM4026833v1_genomic_all_plasmids.part_CP158573.1	CP158573.1	Anti_CRISPR	acrie1	1745	2944	48972	0.04787429551580495
GCA_040268335.1_ASM4026833v1_genomic_all_plasmids.part_CP158573.1_acrif3_3	GCA_040268335.1_ASM4026833v1_genomic_all_plasmids.part_CP158573.1	CP158573.1	Anti_CRISPR	acrif3	2070	2944	48972	0.051192518173650246
GCA_040268335.1_ASM4026833v1_genomic_all_plasmids.part_CP158573.1_acrif5_4	GCA_040268335.1_ASM4026833v1_genomic_all_plasmids.part_CP158573.1	CP158573.1	Anti_CRISPR	acrif5	2505	2944	48972	0.0556338315772278
GCA_040268335.1_ASM4026833v1_genomic_all_plasmids.part_CP158573.1_ardk_5	GCA_040268335.1_ASM4026833v1_genomic_all_plasmids.part_CP158573.1	CP158573.1	Anti_RM	ardk	6238	6546	48972	0.13052356448582864
GCA_040560445.1_PA64_genomic_all_plasmids.part_CP159839.1_acrif3_2	GCA_040560445.1_PA64_genomic_all_plasmids.part_CP159839.1	CP159839.1	Anti_CRISPR	acrif3	12299	13157	37486	0.33954009496878834
GCA_040560445.1_PA64_genomic_all_plasmids.part_CP159839.1_acrif5_3	GCA_040560445.1_PA64_genomic_all_plasmids.part_CP159839.1	CP159839.1	Anti_CRISPR	acrif5	12718	13157	37486	0.3451288481032919
GCA_040562075.1_ASM4056207v1_genomic_all_plasmids.part_CP159843.1_acrif3_2	GCA_040562075.1_ASM4056207v1_genomic_all_plasmids.part_CP159843.1	CP159843.1	Anti_CRISPR	acrif3	12024	12882	37885	0.32870529233205753
GCA_040562075.1_ASM4056207v1_genomic_all_plasmids.part_CP159843.1_acrif5_3	GCA_040562075.1_ASM4056207v1_genomic_all_plasmids.part_CP159843.1	CP159843.1	Anti_CRISPR	acrif5	12443	12882	37885	0.3342351854295895
GCA_041378935.1_ASM4137893v1_genomic_all_plasmids.part_CP166914.1_ardk_1	GCA_041378935.1_ASM4137893v1_genomic_all_plasmids.part_CP166914.1	CP166914.1	Anti_RM	ardk	5175	5465	46065	0.11548898295886248
GCA_046529415.1_ASM4652941v1_genomic_all_plasmids.part_CP125730.1_acrif3_2	GCA_046529415.1_ASM4652941v1_genomic_all_plasmids.part_CP125730.1	CP125730.1	Anti_CRISPR	acrif3	10406	11264	48189	0.2248438440307954
GCA_046529415.1_ASM4652941v1_genomic_all_plasmids.part_CP125730.1_acrif5_3	GCA_046529415.1_ASM4652941v1_genomic_all_plasmids.part_CP125730.1	CP125730.1	Anti_CRISPR	acrif5	10825	11264	48189	0.22919130921994646
GCA_046529415.1_ASM4652941v1_genomic_all_plasmids.part_CP125730.1_ardk_4	GCA_046529415.1_ASM4652941v1_genomic_all_plasmids.part_CP125730.1	CP125730.1	Anti_RM	ardk	5277	5567	48189	0.11251530432256324
GCA_049177105.1_ASM4917710v1_genomic_all_plasmids.part_CP185404.1_acrif3_2	GCA_049177105.1_ASM4917710v1_genomic_all_plasmids.part_CP185404.1	CP185404.1	Anti_CRISPR	acrif3	31857	32715	41603	0.7760498041006658
GCA_049177105.1_ASM4917710v1_genomic_all_plasmids.part_CP185404.1_acrif5_3	GCA_049177105.1_ASM4917710v1_genomic_all_plasmids.part_CP185404.1	CP185404.1	Anti_CRISPR	acrif5	31857	32296	41603	0.7710141095594067
GCA_050157215.1_ASM5015721v1_genomic_all_plasmids.part_CP181956.1_acrie2_2	GCA_050157215.1_ASM5015721v1_genomic_all_plasmids.part_CP181956.1	CP181956.1	Anti_CRISPR	acrie2	13893	15059	49121	0.29470084078092873
GCA_050157215.1_ASM5015721v1_genomic_all_plasmids.part_CP181956.1_acrif3_3	GCA_050157215.1_ASM5015721v1_genomic_all_plasmids.part_CP181956.1	CP181956.1	Anti_CRISPR	acrif3	14204	15059	49121	0.2978664929459905
GCA_050157215.1_ASM5015721v1_genomic_all_plasmids.part_CP181956.1_acrif5_4	GCA_050157215.1_ASM5015721v1_genomic_all_plasmids.part_CP181956.1	CP181956.1	Anti_CRISPR	acrif5	14620	15059	49121	0.30210093442723074
GCA_050157215.1_ASM5015721v1_genomic_all_plasmids.part_CP181956.1_ardk_5	GCA_050157215.1_ASM5015721v1_genomic_all_plasmids.part_CP181956.1	CP181956.1	Anti_RM	ardk	6407	6697	49121	0.13338490665906638
GCA_050176295.1_ASM5017629v1_genomic_all_plasmids.part_CP181743.1_acrie6_2	GCA_050176295.1_ASM5017629v1_genomic_all_plasmids.part_CP181743.1	CP181743.1	Anti_CRISPR	acrie6	11171	11619	48173	0.23654329188549603
GCA_050176295.1_ASM5017629v1_genomic_all_plasmids.part_CP181743.1_acrie7_3	GCA_050176295.1_ASM5017629v1_genomic_all_plasmids.part_CP181743.1	CP181743.1	Anti_CRISPR	acrie7	10849	11619	48173	0.23320117078031263
GCA_050176295.1_ASM5017629v1_genomic_all_plasmids.part_CP181743.1_acrif1_4	GCA_050176295.1_ASM5017629v1_genomic_all_plasmids.part_CP181743.1	CP181743.1	Anti_CRISPR	acrif1	10588	11619	48173	0.23049218441865776
GCA_050176295.1_ASM5017629v1_genomic_all_plasmids.part_CP181743.1_ardk_5	GCA_050176295.1_ASM5017629v1_genomic_all_plasmids.part_CP181743.1	CP181743.1	Anti_RM	ardk	5487	5777	48173	0.11691196313287526
GCA_050176625.1_ASM5017662v1_genomic_all_plasmids.part_CP181745.1_acrie6_2	GCA_050176625.1_ASM5017662v1_genomic_all_plasmids.part_CP181745.1	CP181745.1	Anti_CRISPR	acrie6	11984	12432	46439	0.26288249100971167
GCA_050176625.1_ASM5017662v1_genomic_all_plasmids.part_CP181745.1_acrie7_3	GCA_050176625.1_ASM5017662v1_genomic_all_plasmids.part_CP181745.1	CP181745.1	Anti_CRISPR	acrie7	11662	12432	46439	0.2594155774241478
GCA_050176625.1_ASM5017662v1_genomic_all_plasmids.part_CP181745.1_acrif1_4	GCA_050176625.1_ASM5017662v1_genomic_all_plasmids.part_CP181745.1	CP181745.1	Anti_CRISPR	acrif1	11401	12432	46439	0.25660543939361313
GCA_050176625.1_ASM5017662v1_genomic_all_plasmids.part_CP181745.1_ardk_5	GCA_050176625.1_ASM5017662v1_genomic_all_plasmids.part_CP181745.1	CP181745.1	Anti_RM	ardk	6302	6592	46439	0.1388272787958397
GCA_050201305.1_ASM5020130v1_genomic_all_plasmids.part_CP181564.1_ardk_1	GCA_050201305.1_ASM5020130v1_genomic_all_plasmids.part_CP181564.1	CP181564.1	Anti_RM	ardk	7362	7781	46729	0.16203000278199833
GCA_050266315.1_ASM5026631v1_genomic_all_plasmids.part_CP187227.1_acric3_2	GCA_050266315.1_ASM5026631v1_genomic_all_plasmids.part_CP187227.1	CP187227.1	Anti_CRISPR	acric3	10492	11163	47863	0.22621858220337213
GCA_050266315.1_ASM5026631v1_genomic_all_plasmids.part_CP187227.1_acric4_3	GCA_050266315.1_ASM5026631v1_genomic_all_plasmids.part_CP187227.1	CP187227.1	Anti_CRISPR	acric4	10794	11163	47863	0.22937341996949628
GCA_050266315.1_ASM5026631v1_genomic_all_plasmids.part_CP187227.1_acrif3_4	GCA_050266315.1_ASM5026631v1_genomic_all_plasmids.part_CP187227.1	CP187227.1	Anti_CRISPR	acrif3	10076	11163	47863	0.22187284541294947
GCA_050266315.1_ASM5026631v1_genomic_all_plasmids.part_CP187227.1_ardk_5	GCA_050266315.1_ASM5026631v1_genomic_all_plasmids.part_CP187227.1	CP187227.1	Anti_RM	ardk	5071	5361	47863	0.10897770720598375
GCA_050596355.1_ASM5059635v1_genomic_all_plasmids.part_CP192439.1_acrif3_2	GCA_050596355.1_ASM5059635v1_genomic_all_plasmids.part_CP192439.1	CP192439.1	Anti_CRISPR	acrif3	15850	16708	41037	0.3966907912371762
GCA_050596355.1_ASM5059635v1_genomic_all_plasmids.part_CP192439.1_acrif5_3	GCA_050596355.1_ASM5059635v1_genomic_all_plasmids.part_CP192439.1	CP192439.1	Anti_CRISPR	acrif5	16269	16708	41037	0.4017959402490435
GCA_051015865.1_ASM5101586v1_genomic_all_plasmids.part_CP173120.1_ardk_1	GCA_051015865.1_ASM5101586v1_genomic_all_plasmids.part_CP173120.1	CP173120.1	Anti_RM	ardk	7405	7821	48356	0.15743651253205393
GCA_051015885.1_ASM5101588v1_genomic_all_plasmids.part_CP173123.1_ardk_4	GCA_051015885.1_ASM5101588v1_genomic_all_plasmids.part_CP173123.1	CP173123.1	Anti_RM	ardk	8778	9197	47115	0.1907566592380346
GCA_051016005.1_ASM5101600v1_genomic_all_plasmids.part_CP173138.1_acrie2_2	GCA_051016005.1_ASM5101600v1_genomic_all_plasmids.part_CP173138.1	CP173138.1	Anti_CRISPR	acrie2	23911	25077	59138	0.4141837735466198
GCA_051016005.1_ASM5101600v1_genomic_all_plasmids.part_CP173138.1_acrif3_3	GCA_051016005.1_ASM5101600v1_genomic_all_plasmids.part_CP173138.1	CP173138.1	Anti_CRISPR	acrif3	24222	25077	59138	0.4168132165443539
GCA_051016005.1_ASM5101600v1_genomic_all_plasmids.part_CP173138.1_acrif5_4	GCA_051016005.1_ASM5101600v1_genomic_all_plasmids.part_CP173138.1	CP173138.1	Anti_CRISPR	acrif5	24638	25077	59138	0.4203304136088471
GCA_051016005.1_ASM5101600v1_genomic_all_plasmids.part_CP173138.1_ardk_5	GCA_051016005.1_ASM5101600v1_genomic_all_plasmids.part_CP173138.1	CP173138.1	Anti_RM	ardk	16425	16715	59138	0.2801920930704454
GCA_051257825.1_ASM5125782v1_genomic_all_plasmids.part_CP195327.1_acrif3_4	GCA_051257825.1_ASM5125782v1_genomic_all_plasmids.part_CP195327.1	CP195327.1	Anti_CRISPR	acrif3	3978	7604	48382	0.1196932743582324
GCA_051257825.1_ASM5125782v1_genomic_all_plasmids.part_CP195327.1_ardk_5	GCA_051257825.1_ASM5125782v1_genomic_all_plasmids.part_CP195327.1	CP195327.1	Anti_RM	ardk	9943	10362	48382	0.20984043652598075
GCA_051416385.1_ASM5141638v1_genomic_all_plasmids.part_CP195764.1_acrif3_3	GCA_051416385.1_ASM5141638v1_genomic_all_plasmids.part_CP195764.1	CP195764.1	Anti_CRISPR	acrif3	53719	54577	94956	0.5702430599435528
GCA_051416385.1_ASM5141638v1_genomic_all_plasmids.part_CP195764.1_acrif5_4	GCA_051416385.1_ASM5141638v1_genomic_all_plasmids.part_CP195764.1	CP195764.1	Anti_CRISPR	acrif5	54138	54577	94956	0.5724493449597708
GCA_051416385.1_ASM5141638v1_genomic_all_plasmids.part_CP195764.1_ardk_5	GCA_051416385.1_ASM5141638v1_genomic_all_plasmids.part_CP195764.1	CP195764.1	Anti_RM	ardk	48705	48995	94956	0.5144487973377143
GCA_051416385.1_ASM5141638v1_genomic_all_plasmids.part_CP195765.1_acrie1_2	GCA_051416385.1_ASM5141638v1_genomic_all_plasmids.part_CP195765.1	CP195765.1	Anti_CRISPR	acrie1	6879	8078	52449	0.14258613128944309
GCA_051416385.1_ASM5141638v1_genomic_all_plasmids.part_CP195765.1_acrif3_3	GCA_051416385.1_ASM5141638v1_genomic_all_plasmids.part_CP195765.1	CP195765.1	Anti_CRISPR	acrif3	7204	8078	52449	0.14568437911113652
GCA_051416385.1_ASM5141638v1_genomic_all_plasmids.part_CP195765.1_acrif5_4	GCA_051416385.1_ASM5141638v1_genomic_all_plasmids.part_CP195765.1	CP195765.1	Anti_CRISPR	acrif5	7639	8078	52449	0.14983126465709545
GCA_051416385.1_ASM5141638v1_genomic_all_plasmids.part_CP195765.1_ardk_5	GCA_051416385.1_ASM5141638v1_genomic_all_plasmids.part_CP195765.1	CP195765.1	Anti_RM	ardk	11372	11680	52449	0.2197563347251616
GCA_052692625.1_ASM5269262v1_genomic_all_plasmids.part_CP187731.1_acrif3_2	GCA_052692625.1_ASM5269262v1_genomic_all_plasmids.part_CP187731.1	CP187731.1	Anti_CRISPR	acrif3	15867	16725	41040	0.39707602339181286
GCA_052692625.1_ASM5269262v1_genomic_all_plasmids.part_CP187731.1_acrif5_3	GCA_052692625.1_ASM5269262v1_genomic_all_plasmids.part_CP187731.1	CP187731.1	Anti_CRISPR	acrif5	16286	16725	41040	0.4021807992202729
GCA_052692635.1_ASM5269263v1_genomic_all_plasmids.part_CP187733.1_acrif3_2	GCA_052692635.1_ASM5269263v1_genomic_all_plasmids.part_CP187733.1	CP187733.1	Anti_CRISPR	acrif3	15867	16725	41054	0.39694061480001946
GCA_052692635.1_ASM5269263v1_genomic_all_plasmids.part_CP187733.1_acrif5_3	GCA_052692635.1_ASM5269263v1_genomic_all_plasmids.part_CP187733.1	CP187733.1	Anti_CRISPR	acrif5	16286	16725	41054	0.40204364982705704
GCA_052974785.1_ASM5297478v1_genomic_all_plasmids.part_CP174534.1_acrie1_3	GCA_052974785.1_ASM5297478v1_genomic_all_plasmids.part_CP174534.1	CP174534.1	Anti_CRISPR	acrie1	12646	13829	64794	0.20430132419668487
GCA_052974785.1_ASM5297478v1_genomic_all_plasmids.part_CP174534.1_acrie1_4	GCA_052974785.1_ASM5297478v1_genomic_all_plasmids.part_CP174534.1	CP174534.1	Anti_CRISPR	acrie1	26634	27817	64794	0.42018551100410534
GCA_052974785.1_ASM5297478v1_genomic_all_plasmids.part_CP174534.1_acrif3_5	GCA_052974785.1_ASM5297478v1_genomic_all_plasmids.part_CP174534.1	CP174534.1	Anti_CRISPR	acrif3	12971	13829	64794	0.2068092724634997
GCA_052974785.1_ASM5297478v1_genomic_all_plasmids.part_CP174534.1_acrif3_6	GCA_052974785.1_ASM5297478v1_genomic_all_plasmids.part_CP174534.1	CP174534.1	Anti_CRISPR	acrif3	26959	27817	64794	0.42269345927092017
GCA_052974785.1_ASM5297478v1_genomic_all_plasmids.part_CP174534.1_acrif5_7	GCA_052974785.1_ASM5297478v1_genomic_all_plasmids.part_CP174534.1	CP174534.1	Anti_CRISPR	acrif5	13390	13829	64794	0.21004259653671636
GCA_052974785.1_ASM5297478v1_genomic_all_plasmids.part_CP174534.1_acrif5_8	GCA_052974785.1_ASM5297478v1_genomic_all_plasmids.part_CP174534.1	CP174534.1	Anti_CRISPR	acrif5	27378	27817	64794	0.4259267833441368
GCA_052974785.1_ASM5297478v1_genomic_all_plasmids.part_CP174534.1_ardk_10	GCA_052974785.1_ASM5297478v1_genomic_all_plasmids.part_CP174534.1	CP174534.1	Anti_RM	ardk	19370	19660	64794	0.3011852949347162
GCA_052974785.1_ASM5297478v1_genomic_all_plasmids.part_CP174534.1_ardk_9	GCA_052974785.1_ASM5297478v1_genomic_all_plasmids.part_CP174534.1	CP174534.1	Anti_RM	ardk	5382	5672	64794	0.08530110812729574
GCA_052975045.1_ASM5297504v1_genomic_all_plasmids.part_CP158065.1_acrif3_2	GCA_052975045.1_ASM5297504v1_genomic_all_plasmids.part_CP158065.1	CP158065.1	Anti_CRISPR	acrif3	10600	11458	51897	0.2125171011811858
GCA_052975045.1_ASM5297504v1_genomic_all_plasmids.part_CP158065.1_acrif5_3	GCA_052975045.1_ASM5297504v1_genomic_all_plasmids.part_CP158065.1	CP158065.1	Anti_CRISPR	acrif5	11019	11458	51897	0.21655394338786443
GCA_053048035.1_ASM5304803v1_genomic_all_plasmids.part_CP158059.1_acrif3_2	GCA_053048035.1_ASM5304803v1_genomic_all_plasmids.part_CP158059.1	CP158059.1	Anti_CRISPR	acrif3	10670	11528	51955	0.21362717736502743
GCA_053048035.1_ASM5304803v1_genomic_all_plasmids.part_CP158059.1_acrif5_3	GCA_053048035.1_ASM5304803v1_genomic_all_plasmids.part_CP158059.1	CP158059.1	Anti_CRISPR	acrif5	11089	11528	51955	0.21765951304013087
GCA_053146995.1_ASM5314699v1_genomic_all_plasmids.part_JBRONO010000002.1_acrif3_2	GCA_053146995.1_ASM5314699v1_genomic_all_plasmids.part_JBRONO010000002.1	JBRONO010000002.1	Anti_CRISPR	acrif3	30068	30926	39814	0.765986838800422
GCA_053146995.1_ASM5314699v1_genomic_all_plasmids.part_JBRONO010000002.1_acrif5_3	GCA_053146995.1_ASM5314699v1_genomic_all_plasmids.part_JBRONO010000002.1	JBRONO010000002.1	Anti_CRISPR	acrif5	30068	30507	39814	0.7607248706485156
GCA_053211075.1_ASM5321107v1_genomic_all_plasmids.part_JBRULP010000002.1_acrif3_2	GCA_053211075.1_ASM5321107v1_genomic_all_plasmids.part_JBRULP010000002.1	JBRULP010000002.1	Anti_CRISPR	acrif3	14520	15378	21072	0.7094248291571754
GCA_053211075.1_ASM5321107v1_genomic_all_plasmids.part_JBRULP010000002.1_acrif5_3	GCA_053211075.1_ASM5321107v1_genomic_all_plasmids.part_JBRULP010000002.1	JBRULP010000002.1	Anti_CRISPR	acrif5	14520	14959	21072	0.6994827258921792
GCA_053312425.1_ASM5331242v1_genomic_all_plasmids.part_CP137519.1_acrie2_2	GCA_053312425.1_ASM5331242v1_genomic_all_plasmids.part_CP137519.1	CP137519.1	Anti_CRISPR	acrie2	14384	15550	50444	0.29670525731504244
GCA_053312425.1_ASM5331242v1_genomic_all_plasmids.part_CP137519.1_acrif3_3	GCA_053312425.1_ASM5331242v1_genomic_all_plasmids.part_CP137519.1	CP137519.1	Anti_CRISPR	acrif3	14695	15550	50444	0.2997878835936881
GCA_053312425.1_ASM5331242v1_genomic_all_plasmids.part_CP137519.1_acrif5_4	GCA_053312425.1_ASM5331242v1_genomic_all_plasmids.part_CP137519.1	CP137519.1	Anti_CRISPR	acrif5	15111	15550	50444	0.3039112679406867
GCA_053312425.1_ASM5331242v1_genomic_all_plasmids.part_CP137519.1_ardk_5	GCA_053312425.1_ASM5331242v1_genomic_all_plasmids.part_CP137519.1	CP137519.1	Anti_RM	ardk	6877	7167	50444	0.13920386963761797
GCA_053360765.1_ASM5336076v1_genomic_all_plasmids.part_CP171967.1_acrie1_2	GCA_053360765.1_ASM5336076v1_genomic_all_plasmids.part_CP171967.1	CP171967.1	Anti_CRISPR	acrie1	14553	15743	48860	0.31002865329512896
GCA_053360765.1_ASM5336076v1_genomic_all_plasmids.part_CP171967.1_acrif3_3	GCA_053360765.1_ASM5336076v1_genomic_all_plasmids.part_CP171967.1	CP171967.1	Anti_CRISPR	acrif3	14878	15743	48860	0.31335448219402373
GCA_053360765.1_ASM5336076v1_genomic_all_plasmids.part_CP171967.1_acrif5_4	GCA_053360765.1_ASM5336076v1_genomic_all_plasmids.part_CP171967.1	CP171967.1	Anti_CRISPR	acrif5	15304	15743	48860	0.3177138763814982
GCA_053360765.1_ASM5336076v1_genomic_all_plasmids.part_CP171967.1_ardk_5	GCA_053360765.1_ASM5336076v1_genomic_all_plasmids.part_CP171967.1	CP171967.1	Anti_RM	ardk	6742	7032	48860	0.14095374539500613
GCA_053360775.1_ASM5336077v1_genomic_all_plasmids.part_CP171889.1_acrie1_2	GCA_053360775.1_ASM5336077v1_genomic_all_plasmids.part_CP171889.1	CP171889.1	Anti_CRISPR	acrie1	13637	14827	49387	0.2881730009921639
GCA_053360775.1_ASM5336077v1_genomic_all_plasmids.part_CP171889.1_acrif3_3	GCA_053360775.1_ASM5336077v1_genomic_all_plasmids.part_CP171889.1	CP171889.1	Anti_CRISPR	acrif3	13962	14827	49387	0.29146334055520684
GCA_053360775.1_ASM5336077v1_genomic_all_plasmids.part_CP171889.1_acrif5_4	GCA_053360775.1_ASM5336077v1_genomic_all_plasmids.part_CP171889.1	CP171889.1	Anti_CRISPR	acrif5	14388	14827	49387	0.29577621641322616
GCA_053360775.1_ASM5336077v1_genomic_all_plasmids.part_CP171889.1_ardk_5	GCA_053360775.1_ASM5336077v1_genomic_all_plasmids.part_CP171889.1	CP171889.1	Anti_RM	ardk	6742	7032	49387	0.13944965274262458
GCA_053360785.1_ASM5336078v1_genomic_all_plasmids.part_CP171891.1_acrie1_2	GCA_053360785.1_ASM5336078v1_genomic_all_plasmids.part_CP171891.1	CP171891.1	Anti_CRISPR	acrie1	13636	14826	49387	0.28815275274869906
GCA_053360785.1_ASM5336078v1_genomic_all_plasmids.part_CP171891.1_acrif3_3	GCA_053360785.1_ASM5336078v1_genomic_all_plasmids.part_CP171891.1	CP171891.1	Anti_CRISPR	acrif3	13961	14826	49387	0.291443092311742
GCA_053360785.1_ASM5336078v1_genomic_all_plasmids.part_CP171891.1_acrif5_4	GCA_053360785.1_ASM5336078v1_genomic_all_plasmids.part_CP171891.1	CP171891.1	Anti_CRISPR	acrif5	14387	14826	49387	0.2957559681697613
GCA_053360785.1_ASM5336078v1_genomic_all_plasmids.part_CP171891.1_ardk_5	GCA_053360785.1_ASM5336078v1_genomic_all_plasmids.part_CP171891.1	CP171891.1	Anti_RM	ardk	6742	7032	49387	0.13944965274262458
GCA_053360795.1_ASM5336079v1_genomic_all_plasmids.part_CP171908.1_acrif3_2	GCA_053360795.1_ASM5336079v1_genomic_all_plasmids.part_CP171908.1	CP171908.1	Anti_CRISPR	acrif3	94615	95485	610585	0.15567038168313993
GCA_053360795.1_ASM5336079v1_genomic_all_plasmids.part_CP171908.1_acrif5_3	GCA_053360795.1_ASM5336079v1_genomic_all_plasmids.part_CP171908.1	CP171908.1	Anti_CRISPR	acrif5	95028	95485	610585	0.1560085819337193
GCA_053360815.1_ASM5336081v1_genomic_all_plasmids.part_CP171912.1_acrie1_2	GCA_053360815.1_ASM5336081v1_genomic_all_plasmids.part_CP171912.1	CP171912.1	Anti_CRISPR	acrie1	12433	13616	48426	0.26895675876595215
GCA_053360815.1_ASM5336081v1_genomic_all_plasmids.part_CP171912.1_acrif3_3	GCA_053360815.1_ASM5336081v1_genomic_all_plasmids.part_CP171912.1	CP171912.1	Anti_CRISPR	acrif3	12758	13616	48426	0.2723123941684219
GCA_053360815.1_ASM5336081v1_genomic_all_plasmids.part_CP171912.1_acrif5_4	GCA_053360815.1_ASM5336081v1_genomic_all_plasmids.part_CP171912.1	CP171912.1	Anti_CRISPR	acrif5	13177	13616	48426	0.276638582579606
GCA_053360815.1_ASM5336081v1_genomic_all_plasmids.part_CP171912.1_ardk_5	GCA_053360815.1_ASM5336081v1_genomic_all_plasmids.part_CP171912.1	CP171912.1	Anti_RM	ardk	6323	6613	48426	0.13356461405030357
GCA_053360825.1_ASM5336082v1_genomic_all_plasmids.part_CP171914.1_acrif3_2	GCA_053360825.1_ASM5336082v1_genomic_all_plasmids.part_CP171914.1	CP171914.1	Anti_CRISPR	acrif3	94611	95481	652698	0.14562017962365442
GCA_053360825.1_ASM5336082v1_genomic_all_plasmids.part_CP171914.1_acrif5_3	GCA_053360825.1_ASM5336082v1_genomic_all_plasmids.part_CP171914.1	CP171914.1	Anti_CRISPR	acrif5	95024	95481	652698	0.14593655871475017
GCA_053372475.1_ASM5337247v1_genomic_all_plasmids.part_CP171924.1_acrie1_2	GCA_053372475.1_ASM5337247v1_genomic_all_plasmids.part_CP171924.1	CP171924.1	Anti_CRISPR	acrie1	12433	13616	48264	0.2698595226255594
GCA_053372475.1_ASM5337247v1_genomic_all_plasmids.part_CP171924.1_acrif3_3	GCA_053372475.1_ASM5337247v1_genomic_all_plasmids.part_CP171924.1	CP171924.1	Anti_CRISPR	acrif3	12758	13616	48264	0.2732264213492458
GCA_053372475.1_ASM5337247v1_genomic_all_plasmids.part_CP171924.1_acrif5_4	GCA_053372475.1_ASM5337247v1_genomic_all_plasmids.part_CP171924.1	CP171924.1	Anti_CRISPR	acrif5	13177	13616	48264	0.2775671307807061
GCA_053372475.1_ASM5337247v1_genomic_all_plasmids.part_CP171924.1_ardk_5	GCA_053372475.1_ASM5337247v1_genomic_all_plasmids.part_CP171924.1	CP171924.1	Anti_RM	ardk	6323	6613	48264	0.13401292889109895
GCA_053372485.1_ASM5337248v1_genomic_all_plasmids.part_CP171929.1_acrie2_2	GCA_053372485.1_ASM5337248v1_genomic_all_plasmids.part_CP171929.1	CP171929.1	Anti_CRISPR	acrie2	12036	13202	47262	0.2670009732977868
GCA_053372485.1_ASM5337248v1_genomic_all_plasmids.part_CP171929.1_acrif3_3	GCA_053372485.1_ASM5337248v1_genomic_all_plasmids.part_CP171929.1	CP171929.1	Anti_CRISPR	acrif3	12347	13202	47262	0.27029114299014007
GCA_053372485.1_ASM5337248v1_genomic_all_plasmids.part_CP171929.1_acrif5_4	GCA_053372485.1_ASM5337248v1_genomic_all_plasmids.part_CP171929.1	CP171929.1	Anti_CRISPR	acrif5	12763	13202	47262	0.2746921416783039
GCA_053372485.1_ASM5337248v1_genomic_all_plasmids.part_CP171929.1_ardk_5	GCA_053372485.1_ASM5337248v1_genomic_all_plasmids.part_CP171929.1	CP171929.1	Anti_RM	ardk	6227	6517	47262	0.13482290212009648
GCA_053372495.1_ASM5337249v1_genomic_all_plasmids.part_CP171932.1_acrie1_2	GCA_053372495.1_ASM5337249v1_genomic_all_plasmids.part_CP171932.1	CP171932.1	Anti_CRISPR	acrie1	12434	13617	48400	0.26912190082644627
GCA_053372495.1_ASM5337249v1_genomic_all_plasmids.part_CP171932.1_acrif3_3	GCA_053372495.1_ASM5337249v1_genomic_all_plasmids.part_CP171932.1	CP171932.1	Anti_CRISPR	acrif3	12759	13617	48400	0.2724793388429752
GCA_053372495.1_ASM5337249v1_genomic_all_plasmids.part_CP171932.1_acrif5_4	GCA_053372495.1_ASM5337249v1_genomic_all_plasmids.part_CP171932.1	CP171932.1	Anti_CRISPR	acrif5	13178	13617	48400	0.27680785123966944
GCA_053372495.1_ASM5337249v1_genomic_all_plasmids.part_CP171932.1_ardk_5	GCA_053372495.1_ASM5337249v1_genomic_all_plasmids.part_CP171932.1	CP171932.1	Anti_RM	ardk	6323	6613	48400	0.13363636363636364
GCA_053372505.1_ASM5337250v1_genomic_all_plasmids.part_CP171936.1_acrie1_2	GCA_053372505.1_ASM5337250v1_genomic_all_plasmids.part_CP171936.1	CP171936.1	Anti_CRISPR	acrie1	12429	13612	48394	0.26905194858866804
GCA_053372505.1_ASM5337250v1_genomic_all_plasmids.part_CP171936.1_acrif3_3	GCA_053372505.1_ASM5337250v1_genomic_all_plasmids.part_CP171936.1	CP171936.1	Anti_CRISPR	acrif3	12754	13612	48394	0.27240980286812416
GCA_053372505.1_ASM5337250v1_genomic_all_plasmids.part_CP171936.1_acrif5_4	GCA_053372505.1_ASM5337250v1_genomic_all_plasmids.part_CP171936.1	CP171936.1	Anti_CRISPR	acrif5	13173	13612	48394	0.2767388519237922
GCA_053372505.1_ASM5337250v1_genomic_all_plasmids.part_CP171936.1_ardk_5	GCA_053372505.1_ASM5337250v1_genomic_all_plasmids.part_CP171936.1	CP171936.1	Anti_RM	ardk	6322	6612	48394	0.1336322684630326
GCA_053372515.1_ASM5337251v1_genomic_all_plasmids.part_CP171940.1_acrie1_2	GCA_053372515.1_ASM5337251v1_genomic_all_plasmids.part_CP171940.1	CP171940.1	Anti_CRISPR	acrie1	13671	14854	49638	0.28733027116322174
GCA_053372515.1_ASM5337251v1_genomic_all_plasmids.part_CP171940.1_acrif3_3	GCA_053372515.1_ASM5337251v1_genomic_all_plasmids.part_CP171940.1	CP171940.1	Anti_CRISPR	acrif3	13996	14854	49638	0.2906039727628027
GCA_053372515.1_ASM5337251v1_genomic_all_plasmids.part_CP171940.1_acrif5_4	GCA_053372515.1_ASM5337251v1_genomic_all_plasmids.part_CP171940.1	CP171940.1	Anti_CRISPR	acrif5	14415	14854	49638	0.2948245295942625
GCA_053372515.1_ASM5337251v1_genomic_all_plasmids.part_CP171940.1_ardk_5	GCA_053372515.1_ASM5337251v1_genomic_all_plasmids.part_CP171940.1	CP171940.1	Anti_RM	ardk	7561	7851	49638	0.15524396631612877
